Date,equal_weight,sample+min_variance,sample+convex,sample+gp_bayesopt,ledoit_wolf+min_variance,ledoit_wolf+convex,ledoit_wolf+gp_bayesopt,bayes_stein+min_variance,bayes_stein+convex,bayes_stein+gp_bayesopt,niw_predictive+min_variance,niw_predictive+convex,niw_predictive+gp_bayesopt,black_litterman+min_variance,black_litterman+convex,black_litterman+gp_bayesopt
2015-01-04,-0.016870935173298074,-0.001358485820624461,0.0009685629903742378,0.0035191689126579315,-0.0021739938848999154,0.0007148927456043369,-0.0027858444131406536,-0.001358485820624469,0.0009932940306354699,0.0030564246935250988,-0.0014017020907734895,0.0009603900554959442,-0.00016254463622460222,-0.0021891768067673666,-0.0050111594356351714,0.001114137187411482
2015-01-11,0.0008878882131909565,0.009244227327273999,0.009356402617324965,0.013035557288864222,0.008766312356553254,0.009475146554283437,0.01098967837678113,0.009244227327273992,0.009447001402434279,0.015025002086440413,0.0092207357510639,0.0093830505400001,0.00979521526352869,0.008772499605086833,-0.0033870936446487535,0.0002753746506324985
2015-01-18,0.025749476415668496,0.0039272222981666,0.0012076035224635054,-0.0011465316595690635,0.004438790799362749,0.0015341795707723913,0.00578605283082062,0.003927222298166614,0.00122431296882045,-0.00221246803106823,0.003953479422450964,0.001229019626533846,0.00165067115147393,0.004454738404739127,0.014071244892865173,0.009913601816182688
2015-01-25,-0.015696234190078307,-0.029639200867577747,-0.02577795384349476,-0.030119923217940252,-0.02816474259866887,-0.025854905583279367,-0.026956683281072872,-0.029639200867577757,-0.025920624506580642,-0.022793005753648645,-0.02955085262893146,-0.02581416674546367,-0.023808371091556056,-0.02815407485688729,-0.0684661175199763,-0.0721682771579524
2015-02-01,0.025290371089700336,0.01516943411919874,0.01541491648979922,0.018786454623051275,0.014883197084209049,0.015211477809239734,0.023597477159040856,0.015169434119198747,0.015392238782305686,0.017179437415631604,0.015151531601979955,0.015398862780738834,0.01614648329596894,0.014870827628628343,0.03401824550607362,0.03505056539523219
2015-02-08,0.016519078294312567,0.007633410360042246,0.003428817682046644,0.0032434393164768593,0.007412926106627514,0.0036889605658793605,0.0056735138087241135,0.007633410360042262,0.003505419142854353,0.0015960514557976234,0.007616297028980327,0.0034600545430919427,0.002858791777829357,0.007420991675697807,0.0158975630837318,0.01375117594611229
2015-02-15,0.0030131391125608354,0.004905886529468119,0.00832549246283692,0.009763254670322243,0.005094721108748021,0.00804349666184272,0.010784387232263633,0.004905886529468111,0.00824294295341801,0.010289724809402427,0.0049192969743627225,0.008291754861596565,0.009396667194276207,0.005084235562581434,0.008940324375566515,0.01017309585001917
2015-02-22,0.006280755144188899,-0.0015186533046849795,-0.005147032581586513,-0.00868127253464772,-0.0009180773360619641,-0.0049044869380753305,-0.005566760298003091,-0.0015186533046849691,-0.005158441667440394,-0.009487370112501468,-0.0014900955586957258,-0.005136453667357474,-0.005085108101728206,-0.0009064692110859396,0.004618748655360008,-0.002197323444463759
2015-03-01,-0.013530958091903453,-0.016811712063441567,-0.018274030653896104,-0.021513811595666083,-0.016591527875402412,-0.01795362996755303,-0.022550233428060416,-0.016811712063441567,-0.01822137292110033,-0.02069727846819606,-0.016798523733351958,-0.018244927790116085,-0.019033338162402096,-0.016575122922242398,-0.029226106502361994,-0.030250503826228535
2015-03-08,-0.015377895593593182,-0.004814327331262595,-0.0037880798145241987,-0.0032838081102069916,-0.004965629631057336,-0.0039881821773475185,-0.007158831565699107,-0.004814327331262604,-0.003813569951911854,-0.0022520688833970906,-0.004822711657416042,-0.0038046251518111304,-0.004078821568011319,-0.004974822377953668,-0.01350259452512625,-0.012756190973018227
2015-03-15,0.019834657547523924,0.013994872619955218,0.0149599592449752,0.016637308911148466,0.013949619155799321,0.01495785214814127,0.019859495246104836,0.013994872619955221,0.014960283148708073,0.015560459460703373,0.013993887487757869,0.014959930666533092,0.015636175607359627,0.013949333394385376,0.026132418329900528,0.027741543730587345
2015-03-22,-0.016852123253260413,-0.008361246646541406,-0.00870139404751657,-0.008616926985008162,-0.008486925386440762,-0.00867505635728218,-0.012329183816660967,-0.008361246646541412,-0.008672153904719272,-0.006616413134075699,-0.008367739699483038,-0.008693461150480223,-0.009025317038011682,-0.008484713322176294,-0.025362006704891776,-0.024998269325776635
2015-03-29,-0.0072019328160749865,-0.005175949798658541,-0.00480279311313647,-0.005530917461825543,-0.005025761549404661,-0.005000464538040844,-0.0063736433395350815,-0.005175949798658544,-0.004862436112682193,-0.004924732787283247,-0.005169286471416483,-0.004826837591326475,-0.00482781726931447,-0.005034484870453158,-0.008340344322263916,-0.010076833088086592
2015-04-05,0.034166549459636895,0.02117513167738365,0.008284348326388384,0.008370716305990593,0.021770052066324465,0.008166696358284684,0.006709396184343521,0.021175159675208447,0.008153704893174542,0.009896699119069416,0.02119946450232698,0.008257937934190185,0.01235567805187194,0.02176800004852627,0.030885621447131785,0.019644294727243907
2015-04-12,-0.018138492623929317,-0.011324203674458102,-0.011472854352627373,-0.011836226465612837,-0.011830948991706794,-0.011356351863927472,-0.010125068127481944,-0.011324190421800204,-0.011375312622250295,-0.012665502950583218,-0.011351422085134817,-0.011451532609897657,-0.013956673344425876,-0.011831127723035031,-0.019541071563789036,-0.019456266341454406
2015-04-19,0.04597450525238051,-0.008059238884171819,-0.008714982903464003,-0.017280614186140117,-0.006860076233028176,-0.007509848173475175,-0.023202243308882188,-0.008058607591016195,-0.008913538179031632,-0.01632745455527302,-0.007996591688768175,-0.008684217147283485,-0.01380445354271244,-0.006861792696967245,0.0381994995232208,0.05520094618868344
2015-04-26,-0.010882333374654284,-0.003424540004485479,-0.008770586447999364,-0.007838104122293915,-0.0033524597583441396,-0.009147686109087876,-0.006799005412943688,-0.003424638621111019,-0.008781664845330212,-0.005920631635847402,-0.003423185234573211,-0.008791398427636422,-0.007292807169476218,-0.003352303746462619,-0.01712131426512899,-0.026483289990869442
2015-05-03,0.004291374490508244,0.004291524732892942,0.0087218881693778,0.008825434905107026,0.004429482496972024,0.008602445462043251,0.009340730882193126,0.004291548051413958,0.008632442262160525,0.00935698761134574,0.00430032090270513,0.008702538519721288,0.009781658298919327,0.004430848196034008,0.014071313818745677,0.019085076368803473
2015-05-10,0.0026111289944396555,0.00661876805778632,0.008520601014226067,0.01044613042635623,0.0065772435884533095,0.008256758772115456,0.011589284653653206,0.0066186819101994405,0.008530423802637743,0.010215694476704125,0.006617912942049737,0.008508698584052949,0.010956713842532474,0.006578353570539656,0.000542875351462615,0.002174996030011875
2015-05-17,-0.005513631248381623,-0.007440743277744612,-0.009856985564444053,-0.011707441718029454,-0.007296461339354236,-0.009627786993043112,-0.013934126150201013,-0.007440710692287265,-0.00986297940030483,-0.011115544832660335,-0.007434216116460005,-0.009846731785434718,-0.012548670634703133,-0.007297971120710523,-0.003961512673899357,-0.009312321586710588
2015-05-24,-0.0038773305074701067,-0.0033461117987152256,-0.002293058857024148,-0.0027638558640284755,-0.003347019546871248,-0.0023230530299281774,-0.002071900590404356,-0.003346075364753516,-0.002317324642230535,-0.002222511131426037,-0.0033460022033064926,-0.0022979323321602376,-0.0027018551405673403,-0.0033463971911181366,-0.0022204955319962585,-0.0007284736074758167
2015-05-31,-0.006832064962011103,-0.007790223071548635,-0.009069971604522442,-0.010270766303200621,-0.00768860780837608,-0.008928366872833998,-0.011799739199721554,-0.007790208393075643,-0.009063726133850841,-0.00983638569338037,-0.007785187507036914,-0.009062211302318879,-0.010979477712269942,-0.007689494995839262,-0.007626827452713005,-0.0111416850590111
2015-06-07,0.0016313102385295062,0.0015650963983000238,0.0025323266823995775,0.0025641608843274847,0.0016369056786211078,0.002470446578398803,0.0027671099070836116,0.0015651036703472007,0.002496347195513389,0.0029278164494420155,0.0015691274711785743,0.0025238282659111374,0.0030355071563550307,0.0016373598587384947,0.004484221053409603,0.005530753327983269
2015-06-14,0.002315543650611265,-0.002897431493417886,-0.00040667791286267026,-0.0019979171604439837,-0.002451980718720284,-0.00033524116723533497,-0.004188469984292878,-0.0028973808773710375,-0.00047309108657273393,-0.0006603549558174375,-0.0028720432450405134,-0.0004136755697589649,-0.0016603376992885355,-0.0024516607833095787,0.002401027658726156,0.0029741832833144613
2015-06-21,-0.004804601937847145,-0.004206301915079531,-0.0054672799839941034,-0.0062008447403862355,-0.004314054787404343,-0.00536327942942895,-0.006091076235223299,-0.004206268565043427,-0.005467841601366754,-0.0062220487322239325,-0.0042132302987642105,-0.005461850363432353,-0.0066504463995721574,-0.004314607859973266,-0.0011765104115158127,-0.0023352768751175902
2015-06-28,-0.0054187184244371585,5.2277874282025995e-05,-2.8393642099498392e-05,0.0004973387167496257,-0.0004091598154395786,4.172790976343828e-05,0.0020503774931124844,5.22617780196453e-05,4.204660484853195e-05,-0.0008449350734633636,2.7216040489069608e-05,-1.3643546601280112e-05,-0.0008100622810800285,-0.00040947777532212193,-0.002425100889100996,-0.0015370668657237454
2015-07-05,0.004568537652534649,0.0037882100094723606,0.001657805825204557,0.0006837300228805593,0.003275389548902748,0.002251140496840374,0.0003884768233934976,0.003788225876708046,0.002027540937285379,0.00026095729460535956,0.0037711016768207217,0.001727297118275093,0.0002667051022497662,0.003275511956007909,0.0002717418967784909,-0.0015926101927165811
2015-07-12,0.06267703103049532,0.01680095963579474,0.028645541204544527,0.03006084417650715,0.019088126355503582,0.03304760204364777,0.026043260586228634,0.01680170404001794,0.027709772416911155,0.02255310795142286,0.016873936863925597,0.028725818440839837,0.02675760285454843,0.01908812635550352,0.07806157284088629,0.07027727304429651
2015-07-19,-0.01458795499436694,-0.01463221319274176,-0.017985323517502417,-0.02107867332710968,-0.01764862382375332,-0.01822932369237347,-0.018302353133434403,-0.014632583710109502,-0.017581806041946573,-0.01693216509844228,-0.01475565574748805,-0.017953853208012016,-0.021082370889456047,-0.017648623823753318,0.004152949003100962,0.0097428403091602
2015-07-26,0.01278984742872804,0.012360804160749767,0.00860676198807271,0.008468529237300449,0.01177178685676292,0.008610626696645767,0.008760577417242996,0.012360735264211963,0.00891694240669097,0.008589681782986053,0.012336550527967616,0.008643091279375606,0.008320511762965211,0.01177178685676292,0.010758300747943768,0.012651831143653994
2015-08-02,-0.01094451872529311,-0.013356097472686065,-0.009175226892429496,-0.008342797304642534,-0.012430856637935176,-0.008808516548511626,-0.009374601005539395,-0.013355964311247519,-0.0095328364864382,-0.009994506197354773,-0.013319467148161363,-0.009201167623002566,-0.008807490554443832,-0.012430856637935177,-0.01070870450326131,-0.016033154517972836
2015-08-09,0.013172314191132973,0.0075761477801779996,0.003989967775164062,0.004338073115531587,0.007188358531075306,0.005111619071745877,0.0039272529225415995,0.007576229273238541,0.004228620038214477,0.0027535480554313867,0.007551904776620318,0.004065857868365535,0.0032746465262018668,0.00718835853107529,0.01497046994549395,0.015075934780872595
2015-08-16,-0.04946156156400502,-0.024573440966860465,-0.029426425853803253,-0.030067650031739616,-0.0249143150532678,-0.029840850652687198,-0.029569157599377442,-0.02457350124004753,-0.02895503883407269,-0.028945853967164235,-0.024582373104378174,-0.029386420945627895,-0.029213004706374255,-0.02491431505326779,-0.05883903749384603,-0.06059033332634242
2015-08-23,0.02290166958057359,0.012163633982445356,0.014452859842841543,0.014061173386301683,0.01205300565203904,0.01444646010154195,0.0143569796921822,0.012163622110508112,0.014266842999527752,0.014687067326240588,0.01215829624237788,0.014429683510280747,0.01410875116463663,0.012053005652039032,0.029066744259755917,0.032668298038918395
2015-08-30,-0.028432715054348686,-0.01423285055176235,-0.018766843530482417,-0.019437708061367843,-0.014984797343323397,-0.01892700020197779,-0.019099848838089406,-0.014232954906076158,-0.018274591582790756,-0.019048254066896753,-0.014258462943914951,-0.018715159508472856,-0.019363969364612807,-0.014984797343323388,-0.035239424077217765,-0.038173511940662916
2015-09-06,0.028229669643232723,0.014378070248217693,0.01303326545876857,0.013246861832443443,0.013824109704759325,0.013774443933158017,0.013616389239883238,0.014378091814245021,0.012975872041851081,0.013101956321984411,0.014343686983771663,0.013055863347743134,0.012503756560548699,0.013824109704759311,0.040076959944061304,0.045416101094777686
2015-09-13,0.004638321411905677,0.0031014310050192007,-0.0008470501984055378,-0.001249496030585101,0.002215359072354773,-0.00019409707874719947,-0.0009983121531242393,0.003101402138475696,-0.0005106595695839226,-0.0015420100189527147,0.0030610441855648735,-0.0007803253387613751,-0.001928184999549988,0.0022153590723547664,0.007061579359446915,0.007753095215031623
2015-09-20,-0.006964275242178589,-0.0004683998496664958,-0.004442627075636994,-0.0034412724799779185,-0.0006553401902359545,-0.00503311307094165,-0.0031928312867241246,-0.00046850382620861617,-0.004262608541757694,-0.0034579010630355874,-0.00047734913670922094,-0.004447912950802243,-0.003442257149782933,-0.0006553401902359441,-0.010427373641902982,-0.010666912455908794
2015-09-27,0.021110115261953857,0.01439975994503026,0.015891273654991857,0.01609907814370423,0.014678326339954714,0.015889013812259767,0.015718140000276312,0.014399782140033061,0.015799335965432877,0.015532670050568447,0.014412915897157978,0.015880533392032315,0.015958222094912818,0.014678326339954716,0.019758154469936617,0.01949925244580869
2015-10-04,0.034349142777931614,0.02469701758645595,0.01883093199965622,0.031236679486462186,0.025375898424405664,0.01901127668878378,0.02445765090521245,0.02469700325461593,0.018844303455805046,0.023179932271531777,0.02471984514258071,0.018841378069536716,0.02445337816613165,0.025376148717712682,0.029493347829619796,0.02438240629959934
2015-10-11,0.016270253862678025,0.0018811527821728092,0.0037654415252409653,0.0028828809201773,0.0014239394793905845,0.003836616795026294,0.005781793369898241,0.0018811547265908833,0.003228118598377962,0.005431894679810444,0.0018435868966772892,0.003716777845155861,0.00973929883651255,0.0014235931207063895,0.030885320405646403,0.033006392649186
2015-10-18,0.03823357071191029,0.017208050793486633,0.027732783810152012,0.036566546905211085,0.018040891218858678,0.02745670718477347,0.02743600914603557,0.01720806891232346,0.027022923199008154,0.028994083137021242,0.017267909117887482,0.0276486989791135,0.046774478068150535,0.018041254122849102,0.04220583212528775,0.03951118420701273
2015-10-25,-0.002095340315244155,-0.018523377288004114,-0.0035243013701421987,-0.00953578722973733,-0.016723269441797476,-0.003026640932458845,0.0014335487395541737,-0.018523381592385244,-0.004686456939336522,0.008098745775829705,-0.01843312420840474,-0.0036125075224601438,-0.0037657743878490683,-0.01672157662052237,0.014403259610401899,0.018653776277455122
2015-11-01,0.022731467871976482,0.0024132919864320508,0.009304656075584347,0.0110507003699497,0.00284847476560052,0.009303894964568054,0.012298280034774255,0.0024132982814803142,0.00846368802018856,0.013500920225506587,0.002430902208946012,0.00922257209626928,0.01983622845857472,0.0028487100550978386,0.034883686198498284,0.03404708113490128
2015-11-08,-0.018544977443287963,-0.011439438899370151,-0.01592834311567109,-0.023307213783795428,-0.01143907042054817,-0.015926351999083214,-0.013362136680515967,-0.011439447236659427,-0.015882858536121234,-0.014025949490058033,-0.011448370957372755,-0.0159232391223611,-0.024892988869830067,-0.011439074331170678,-0.019408312842466347,-0.023664387389047102
2015-11-15,0.023524842299621554,0.00999710192438346,0.0143833854238364,0.020760177196314032,0.01033060611424042,0.014853463441578927,0.015380942746002794,0.009997103995305012,0.014084344119405765,0.01605028604427627,0.01000563509500761,0.014376580778243938,0.022215516649466274,0.010330806137588728,0.030915602143184458,0.03693115579170886
2015-11-22,0.0023240696225111587,0.00630055738664931,0.005025876481988871,0.007905251059820324,0.0054812496438576,0.004534794998122801,0.0015814157047239063,0.006300560056640029,0.005258784773096742,0.0015046338569198083,0.006269814381278837,0.005025361664966875,0.007302037112813114,0.005480839398595787,-0.0004866701624255588,0.0006070185109002308
2015-11-29,0.007713362369450344,0.0024628801296782436,0.003372660335768842,0.0038630035069180347,0.002497826242941269,0.0034693127364516427,0.003068000992396308,0.002462890725949974,0.003293538037532318,0.0011855563496020083,0.002463780236790021,0.003368056438431389,0.008767296651623525,0.0024974655415640956,0.008155233400475529,0.005931743503010034
2015-12-06,-0.02116388671195735,-0.005569151217562229,-0.013669170423719849,-0.017619430217345324,-0.006073552901192542,-0.013779045519879693,-0.014650141499334053,-0.005569155723768544,-0.013065288887699405,-0.01701092602589115,-0.005596087796730083,-0.013615813787097066,-0.02242810889534136,-0.006074021782799024,-0.030074974364669833,-0.03359409500079742
2015-12-13,0.0019295714174129906,-0.002035751786303802,-0.006062046640458932,-0.01100958597861823,-0.004708881507430442,-0.006693983202021162,-0.010761823194374525,-0.0020357363235845027,-0.006081692013413343,-0.015232048583569803,-0.002179574499752811,-0.006094617471946858,0.0009807182153221377,-0.004710954984312933,0.01261862464774586,0.013545098372906631
2015-12-20,0.01568009526781146,0.012430954922593586,0.011524498784268578,0.018591215136370184,0.01303111135228432,0.011692584585032743,0.012871498900417243,0.012430954392263185,0.01160537488799357,0.012391688844846201,0.012461387039680975,0.011539767670286376,0.01539595932772908,0.013031352630667662,0.011033510752889053,0.009711301566568452
2015-12-27,0.004562019845244825,-0.0015330486691662948,-0.00017762182818403674,-0.0009440058867677774,-0.0015437473610931546,-1.30546842915121e-05,0.0012847818734970807,-0.0015330498473394277,-0.0004372334567489496,0.0015861237873561192,-0.0015419673981399411,-0.00019470983503315996,0.00108050143021796,-0.0015437302291320162,0.01072630652344354,0.012425271267691622
2016-01-03,-0.06003796777594525,-0.03805618864472974,-0.042031632659951204,-0.05601480256267692,-0.03789079936251347,-0.04215071316681189,-0.0406529242875782,-0.03806358859258491,-0.0417325957224241,-0.04261792037847897,-0.03804466632681964,-0.04198613523524119,-0.05572666729638199,-0.037923982439133364,-0.07437080281055718,-0.043474961546766354
2016-01-10,-0.019968999453332824,-0.010087513467827068,-0.015158973138333464,-0.023084482626798585,-0.009458863997283873,-0.014289824491267315,-0.012643736224593995,-0.010077803749615186,-0.014766586688161885,-0.013536378225752174,-0.010057416020933008,-0.015052877797226263,-0.02295413986047353,-0.009512394945321264,-0.032138955827709065,-0.016890601285933636
2016-01-17,0.019594621491361076,0.009694122333139151,0.013034426559778175,0.019768564823903108,0.009245487798140727,0.012725740264753151,0.012461204511253834,0.00969204546515673,0.0127750800748348,0.01322976566719888,0.009676116943573279,0.012981282518780678,0.018394297719296644,0.009311643045641353,0.03364507432716808,0.019131130907311056
2016-01-24,0.029620305230701693,0.024769012347569012,0.025965622795133807,0.030578230478265366,0.026367847093628844,0.02580299014928371,0.02546167749599231,0.024675087808471906,0.025865847916285524,0.021576265199570198,0.024839866147327548,0.025935466637789978,0.028951464299909326,0.026255582734100724,0.017826298164236407,0.01448793470886362
2016-01-31,-0.04344811050510859,-0.011108074903009326,-0.02941441216772041,-0.04690289498533309,-0.00985225797867106,-0.0290507073595103,-0.02804392051536715,-0.011165587634299253,-0.02800460865116605,-0.02922704647944813,-0.01105220534176925,-0.029176478668186085,-0.04476414528238456,-0.010052415799394553,-0.07953619446793192,-0.04144192439434221
2016-02-07,0.005446318090760197,0.006865151554576964,0.00472755825479612,0.006798422473424383,0.006345331778040001,0.004041778551650417,0.003881625579388521,0.006866338376997121,0.0048957198106881795,0.004006720784826258,0.0068410231965666335,0.004721727257952295,0.006086867584980725,0.006345544298281244,0.006941100043391983,0.0040367909952075285
2016-02-14,0.022633194250420263,0.01306155650839399,0.016613456947436114,0.02289757997958153,0.012928202204970124,0.016367671165193966,0.015255544761772632,0.013057506438988245,0.016333375882436028,0.015770709273903626,0.013053672134908004,0.01655447374336947,0.023089594492047737,0.01294777808032857,0.030410515754856756,0.01642741252560941
2016-02-21,0.007518295513578765,0.003197929772856594,0.006346379903038007,0.008484637697782989,0.003155152924743847,0.006199352895417868,0.004670912833326977,0.003187247406756112,0.006098274256203896,0.005786256107771613,0.00319378541203316,0.006296225987780599,0.010088065848409999,0.0031719273582667303,0.011905964557672013,0.006437518966958591
2016-02-28,0.02044652189468676,0.016473091570549946,0.011520128502477606,0.01599058801145495,0.015682408986079387,0.01143848959691892,0.011860952820926484,0.01652686957640344,0.011912061191707088,0.013216168388336114,0.016435800348069327,0.011579901474345887,0.015440428738743246,0.01568385328386935,0.024959631174596306,0.011789271295337113
2016-03-06,0.004629515149766035,-4.5365046737857627e-05,0.0036292609994304655,0.004892976960686836,0.000674629501142433,0.003980622008710005,0.0043294342676719446,-7.629348179101795e-05,0.0033379024586797017,0.0028545099178794815,-1.0768504867794031e-05,0.003600127634639682,0.003873423321768041,0.0006719965277371515,0.004885463622195935,0.003785034110874276
2016-03-13,0.00290017328005461,-0.0002749147321992728,0.002464887537520514,-4.1242245495000125e-05,0.001198540092900771,0.003708700329534606,0.0044620830662263225,-0.00031133075899665314,0.00224725845500677,0.0028348202637515168,-0.000205682955386954,0.002489550884810013,-9.613664834273294e-05,0.0011648672303661706,-0.0030478177892699454,0.001681623123114841
2016-03-20,0.0068849526428827815,-0.00016595627528772196,0.0062509186905375155,0.010483811807416364,-0.0006762100122628893,0.005751641934385242,0.004173040319486352,-0.00015527746845618324,0.005750192573459153,0.005071823759499749,-0.00019203683310449666,0.0061442307549876545,0.011532386803283935,-0.0006264860654506756,0.015767450058474936,0.0069785919482213115
2016-03-27,0.02252024594816087,0.01891143152190425,0.015359448586690501,0.020111676618967244,0.01838381826579468,0.015069514519965431,0.015497994448582186,0.01893583593431339,0.01563741044946375,0.01583025179621543,0.018887136038838313,0.015391139017136391,0.018806408921527122,0.018380387400627862,0.02607052436049924,0.015087857457361211
2016-04-03,-0.014320973128819777,-0.010200972404473084,-0.005124762615923741,-0.007852877564898627,-0.01001813973607353,-0.005595163304835643,-0.007016956849971472,-0.010196924762539765,-0.005088326452737426,-0.006876211152668062,-0.010183634722838666,-0.005135158634140519,-0.005200970815717427,-0.010047623648106912,-0.01842610861951855,-0.011150419361415798
2016-04-10,0.020211662694485457,0.011057954973754738,0.014675594531279604,0.012308150539273682,0.010622530075553135,0.014470359457221518,0.01452607442121818,0.011057954973754277,0.014337974711916062,0.013763410278235128,0.011035125940513844,0.014638282482432324,0.013104148751411296,0.010611802112919773,0.02133692418874127,0.013256072323581194
2016-04-17,-0.024957247364027185,-0.013115461575093867,-0.012837474727097932,-0.01653585883054103,-0.013156525566336282,-0.014197271947641784,-0.014776062882074939,-0.013115461575094252,-0.01242108357034278,-0.013785194905994495,-0.013117282830308394,-0.012880823397984093,-0.010812500969280967,-0.013202568650310045,-0.02902405883943652,-0.019472920538118416
2016-04-24,0.0018429178084343658,0.009196018115352084,0.0013388665953378194,-0.0032442365809179927,0.007163411015461179,-0.00042161084143599423,0.0020146042646270786,0.009196018115351694,0.0010350883055248743,0.0012332050648875712,0.009077646770296875,0.0011921884549579902,-0.0004999541487903707,0.007031526788760982,-0.0039283138490647075,-0.0006505690248258538
2016-05-01,0.004249554955053775,-0.003539301896344349,0.007846314311903642,0.0046554203331889595,-0.0030885597676990335,0.007775392001738036,0.005800379950465751,-0.0035393018963450758,0.0076850933408977385,0.005491679622527849,-0.0035065494684537175,0.007851821493037942,0.007179105416598822,-0.003069780400692631,0.004809004970746787,0.001978684304226445
2016-05-08,0.009114767976907896,0.003994439027142896,0.00896752724717919,0.0047762973898868135,0.003065235389994666,0.008076161190431252,0.008384004735842514,0.0039944390271422995,0.00841636542309581,0.007035094731843484,0.00394427930440974,0.008872914961980841,0.0064702648034534235,0.0030363869569675073,0.008131023248457932,0.005517346426309348
2016-05-15,-0.009516239339397072,-0.00962106802642592,-0.009495652809633012,-0.008829496303171631,-0.009593861422103842,-0.009057139611007814,-0.00863655330514888,-0.009621068026425914,-0.009621906065415292,-0.00889277471642559,-0.009621975615255577,-0.009488285807318093,-0.010519657534587954,-0.00955703032430353,-0.008817783835284114,-0.006609534188940759
2016-05-22,0.022208573560635658,0.013383471837310293,0.016936387704955723,0.0174653759383897,0.013880818269188449,0.017170978731238094,0.01624050560201843,0.013383471837310324,0.01698457765804838,0.016344154322424587,0.013414099737220436,0.016964032663351357,0.017864931298533254,0.013905732369407366,0.02571915474195105,0.015788378900302436
2016-05-29,0.0009023824627020265,0.004924721912844968,0.001037187474042529,-0.0003929132412816168,0.004091594599075368,0.00034979545328101767,0.0012865604864621585,0.004924721912844902,0.0009316830428534404,0.0009914030366267447,0.004877098512688633,0.0009834592636221622,0.00039398780765436444,0.004025774723366762,-0.0020296757791555915,0.00014700042778593612
2016-06-05,0.0021507420516049315,0.009119965376976133,-0.0015601171833864507,0.0007736708618830034,0.008614802477992772,-0.0014768588172691514,-0.00023145693025199338,0.009119965376976614,-0.0013454075992864357,0.00025456088922829563,0.009089630067567482,-0.0015450182317437212,-0.0009379464546593105,0.008532789849698656,-0.000980347258438351,0.0013512401061971284
2016-06-12,-0.007461050698140102,0.002602579609620445,-0.0056258714981076855,-0.0046414260045488905,0.0023013318206516887,-0.006284764901981072,-0.005156981694088451,0.0026025796096209378,-0.0053129828153934775,-0.004508403073344044,0.00258045980503991,-0.005653308952538464,-0.0038261358442192024,0.002270752223014889,-0.008968406454312981,-0.0045613198034998624
2016-06-19,-0.006915253813861488,0.00045714875030315066,-0.0022038199295742827,-0.0024393841045538215,0.00020279159269286865,-0.002934806558153554,-0.00295663954282135,0.0004571487503033575,-0.0020667033314490384,-0.0027484168298160553,0.00044453940255210773,-0.002229286219903576,-0.0011543909359200569,0.00014667255066763154,-0.010016244402968104,-0.004983233812986524
2016-06-26,0.049247408256650735,0.055428860922963216,0.02183862520675919,0.027540873691634542,0.05315553881633851,0.021889543053155807,0.026822997004710417,0.05542886092296441,0.022169276180471202,0.02754811737288359,0.055293749076697075,0.021836736625363985,0.02253587340256459,0.052888919969162104,0.04344033127165861,0.032062264746090134
2016-07-03,0.01149812318970082,0.0032918413762758917,0.007678705964385729,0.008809248141328316,0.0036397264283200125,0.007849181586123027,0.008347644374535036,0.00329184137637833,0.006950055749848291,0.00671187722422121,0.0033111247088200304,0.007630293410997315,0.008676652366656264,0.003645350847056927,0.001533717918478439,0.00039942746572669934
2016-07-10,0.011523201567345036,0.006105666175986092,0.0052005954167844235,0.006616248451935513,0.006914582109587591,0.005577808519765216,0.006724859151632016,0.0061056661757527796,0.005265590480963562,0.006736857445134621,0.006148213636288852,0.005221118530118333,0.006554660621199929,0.006914583352783336,0.005305103583977219,0.01143411610244518
2016-07-17,0.00909061755325382,-0.0013004739326199946,0.0015484708192206825,0.003299757514655813,-0.0013222629644829846,0.0022759920580518013,0.0007075540827514289,-0.001300473933259705,0.0014059923633169967,0.003096212644513707,-0.001301811136499189,0.001594592286168932,0.0007220997470897834,-0.0013222612065898918,-0.0036372663835410263,-0.005903393874701393
2016-07-24,0.004700260145561311,-0.0008233558082631012,0.0005230342218293816,0.0006278439735409823,-0.0012489793670537727,0.0003184519282374935,-0.000560605214150462,-0.0008233558086987656,0.0005032026508601412,0.0005585166711775539,-0.0008440173318622079,0.0005257191445796219,-0.0006137113078663612,-0.0012489792881916037,-0.00117928003583937,-0.0036506409675914715
2016-07-31,0.009441904269061285,0.003199850306588743,0.0024277776735347756,0.003120288972452684,0.0033011000302871915,0.0028105359789817805,0.0018097692000927377,0.0031998503064494953,0.002514197285083922,0.0038867518575474566,0.003206265866518426,0.0024555618154513594,0.0017826719482763875,0.0033011003537898953,0.002613308371302956,0.004338987281408422
2016-08-07,0.002280663567717154,0.0023951519713435393,0.005136377177087382,0.004925185178336181,0.0022624139936610367,0.004833723805526523,0.005781029479476981,0.0023951519712969395,0.00485954629135452,0.004518134410633694,0.002386781539037534,0.005104917395405761,0.0058314652583816,0.002262414232204039,0.0027377606711808064,0.0033034353909233
2016-08-14,-0.0030960151486700564,0.0016556922183495965,-0.0042962948936146,-0.005126419965072376,0.0015767796578752612,-0.0041120748553113646,-0.005410457439212624,0.0016556922184629416,-0.003499927502056412,-0.002403701087217351,0.0016524091223783614,-0.004232837708490886,-0.005511029970599855,0.0015767787613274876,0.0023668337321534217,0.005685781931974469
2016-08-21,0.0001320960850147014,-0.003603256985698331,0.002959942181567529,0.0038544994181938376,-0.0035224318323421122,0.0029455561946270217,0.0041991427157304405,-0.0036032569857718157,0.002124955583910193,0.0013485649829065261,-0.0036012312847361816,0.0029031614996140424,0.004362518721194361,-0.0035224306508454747,-0.0044947898685823015,-0.007443066253816202
2016-08-28,-0.011658357097049998,-0.01937369063907409,-0.0023281395085127873,0.0013857471451098945,-0.01807747215605217,-0.0027153235084355796,0.003592806659292292,-0.019373690639413663,-0.004784881870863137,-0.010004976721183735,-0.01930858800978555,-0.0025273420552710505,0.0037207827483651664,-0.018077468411640003,-0.022840543976466097,-0.035674320175832656
2016-09-04,-0.02104614155803974,-0.01712377275014327,-0.014967077602542086,-0.014788913441544966,-0.017258300387411003,-0.015134838863130915,-0.014948771220072475,-0.017123772750325214,-0.01518536920859822,-0.017482537279745365,-0.017130659172837508,-0.014985297674813314,-0.014942762099249957,-0.017258300118931806,-0.018155336516372383,-0.02748555121239725
2016-09-11,0.005194563910783476,-0.000548759318336086,0.0039183695932056084,0.0044409457218159325,-0.0008366274476903409,0.003964177665301817,0.0035783623399436083,-0.000548759318573033,0.003460903224404542,0.003515943174723406,-0.0005645929988956446,0.0038987646673097325,0.00369601572912354,-0.0008366267307964735,-0.0013549967477006655,-0.00456624002237596
2016-09-18,0.013455013609444845,0.00722497269569019,0.011565699778526018,0.01160262870016238,0.007089829396337,0.011143424769221118,0.012127934370330495,0.007224972695726526,0.010953975276747146,0.010691497798514006,0.007217837279908093,0.011500570629121376,0.012217011014541276,0.007089829432344652,0.007824432305533681,0.00903102232122798
2016-09-25,0.0019485854665141043,-0.00025232776819461783,0.005579020307620617,0.004881245723731162,-0.0010527529405902508,0.005261949915440743,0.0047676588079676105,-0.00025232776803963623,0.004923713494596949,0.00427173255069888,-0.0002961510154884129,0.005523314549191281,0.005062137398103997,-0.001052753245959527,0.0002502519503452315,-0.0039754509788843175
2016-10-02,-0.007236815494939197,-0.008630608424746961,-0.008080500605091794,-0.010180110413675086,-0.008713402180128442,-0.007625381722510731,-0.006441348229931877,-0.008630730156136019,-0.008585954205541698,-0.007040196146361443,-0.008618618464380239,-0.008092189697937723,-0.00834103568435668,-0.008702963633186902,-0.008878211888764368,-0.010279140812664084
2016-10-09,-0.0029714790976153645,-0.0004247015838764884,-0.0063519222107885675,-0.011115564785382281,-0.00040353289835217245,-0.00581531022506799,-0.007618521011804183,-0.0004247397482663533,-0.006157253124469404,-0.004427279453649961,-0.00041896765210197714,-0.006332329501588636,-0.008310404568232236,-0.00044473808639668285,-0.005517782620848404,-0.00831736331556397
2016-10-16,0.006700125044508438,-0.0011608194340237891,0.0022285262936321305,0.003099887070070628,-0.00032377342121836473,0.003539576337773422,0.008033532852925733,-0.001160919960373786,0.002086265782831783,0.0018454671934880573,-0.0011011485555401834,0.0022732604815230884,0.0005903215872111773,-0.00034790840185271285,0.004916847274447999,0.00239570238514788
2016-10-23,0.0010314195759335565,0.007627891279940048,-0.016485316013711056,-0.027929548753194762,0.007740723284737653,-0.015213232202200224,-0.016712188540396716,0.007627673486630612,-0.01615773571661175,-0.009054251478588276,0.007665224169596769,-0.01641502003778236,-0.022171741120452722,0.007531021230861027,-0.009630449967816113,-0.01930458837524723
2016-10-30,-0.019992519086118567,-0.008534931954790721,-0.005829787455341611,-0.012463350668030473,-0.008913035345516204,-0.007077900166051659,-0.01130099284583669,-0.00853490916860011,-0.005331464516574838,-0.010678793696851728,-0.00856299523048279,-0.005809953210196888,-0.008159729561573464,-0.008869795266852743,-0.019798794114102947,-0.016730477831282054
2016-11-06,0.010054805645571438,0.008001631356017579,0.010215702080009478,0.013125853198807233,0.00961692977325048,0.009126500211454839,0.007792501237740472,0.008002059328821642,0.01132907736574723,0.0069091223202332646,0.008042096524059874,0.010271595834377562,0.009145464141614398,0.009478518555984933,0.0040767307038710125,0.008050515794262018
2016-11-13,0.007511256365254049,0.001726010053548317,0.0033796458020478666,0.00951683792566121,0.0015207126937443387,0.0036149912936329336,0.00874129792800327,0.0017258596894343318,0.002731125692528752,0.004173785044868089,0.0017347845308634691,0.0033595208186867737,0.005540317918627965,0.0015447028168656936,0.009949557959016718,0.009529584950275182
2016-11-20,0.009367128909083047,0.0035477672270439985,0.008447496802966269,0.015341300505599434,0.003846029414112213,0.00806904599643464,0.01063809840656961,0.003547864071630341,0.008228720367932006,0.007827442817720446,0.0035547528758951624,0.008424817687378931,0.01108206091480681,0.003849172019677272,0.010704756875564408,0.013189002032003294
2016-11-27,-0.014121081029049897,-0.005499961123193362,-0.013880988617041363,-0.025444645132820673,-0.00517140086612258,-0.01371217083178131,-0.019042656231609438,-0.005499911715242953,-0.01323532507644182,-0.012677204825549227,-0.005487481071654818,-0.013833751411153256,-0.018572523127963488,-0.005264738991422769,-0.021207554702663178,-0.023914093051075575
2016-12-04,0.03191121780516636,0.020305583608113374,0.022770967116594407,0.036779002740232644,0.020179901017365606,0.023522427831508347,0.030555937656523733,0.02030548358558229,0.02271049758801352,0.02211725577758554,0.020307817283693165,0.022780930335337547,0.026000851370520526,0.020232809294345518,0.040010306718316374,0.03931437159009839
2016-12-11,-0.000979999818182175,-0.0010256967287781708,-0.0047099861914179164,-0.006564235423802649,-0.0008698963102200176,-0.0042689092594961715,-0.0037144533066520336,-0.0010257553194444973,-0.004644516424205329,-0.003633572258864317,-0.0010091606706004782,-0.004686736556186225,-0.006113516001974885,-0.0009094651130210428,-0.003053756078321646,-0.005199657384403649
2016-12-18,0.0077765245426982075,0.008016887608417504,0.004870220020237953,0.007245995609332232,0.007779523613112328,0.004739351219737197,0.006789999409577952,0.008016794075434892,0.004891115253233884,0.00477116861757358,0.008014793654316439,0.004884225810504491,0.0049461745765187574,0.00776824806731923,0.008697473498075916,0.007992478172412151
2016-12-25,-0.007438692273818648,-0.0016643583992522488,-0.004158902649768132,-0.008744263804470579,-0.0017835928320113624,-0.0046603343057292496,-0.007954207932901844,-0.0016643025169661037,-0.003931320483226442,-0.004196601182048805,-0.0016778752290529636,-0.004159053289052247,-0.005270135503693227,-0.0018017521893185671,-0.009469932640423635,-0.009001483832539679
2017-01-01,0.01741235932147923,0.006501076860793594,0.011298699570116392,0.01175377647870249,0.005940376159762475,0.011043183379976429,0.017408015980276234,0.006501740302567273,0.010245485636348589,0.007026549648650608,0.0064693397339603345,0.01123006394626307,0.017070800432853046,0.005990284636863106,0.019364114402292708,0.011464859017374656
2017-01-08,0.0034655809112454665,0.0014835349625929694,0.0033336316378124635,0.002831734528739215,0.0008947685661426631,0.003137452087898603,0.005381778570466663,0.0014840722223327047,0.0030057657846912175,0.0007424106152752743,0.001447601351204268,0.0033050583474466886,0.0053606643730463996,0.0008955270004318995,0.0035067747412254736,0.00265330776278901
2017-01-15,-0.003882009473029418,0.0011146606630182089,-0.0002092331535823404,-1.865999316541645e-05,0.0002752097228388738,-0.00018763491418633896,-0.0012866298915233142,0.0011166222469581417,0.0002876345146635282,-0.0001239341236289592,0.0010523474526479373,-0.0001821059880295002,-0.0011891388540623486,0.0002601784986266347,-0.004437055545815115,-0.0024048120874894927
2017-01-22,0.011912703588796232,0.0019497461662226438,0.014805369204682279,0.017933091378454533,0.0019921486578175387,0.015054661232030916,0.019595041206267937,0.0019533582331730335,0.012383634118946114,0.008913359097825207,0.0019508599477886955,0.01469489417205487,0.019377230287721408,0.0020875062366126546,0.015940346971700752,0.00852978721803509
2017-01-29,-0.01517041000095488,-0.005182850294841076,-0.014579363937010972,-0.01836755719321523,-0.005512753168078014,-0.014928831365397688,-0.01970756002675447,-0.0051828898961315895,-0.012711159559380342,-0.011965351310619446,-0.005198774778397627,-0.014502610827921415,-0.019336098997091447,-0.005611489368764783,-0.019560401967475747,-0.01144744229338631
2017-02-05,0.01087758622388301,0.009676762385416074,0.009812395881677063,0.011596339329596686,0.00891529841518628,0.009818906971198822,0.012638210507331757,0.009676593337877352,0.00990287667874943,0.009349624480031026,0.009620635517491073,0.009816822294321608,0.012563224508175517,0.008919837705872064,0.011796350414609188,0.008577440305620581
2017-02-12,0.01216108740608509,0.007843173646729724,0.009864724408239604,0.01241853325929046,0.007843609116866294,0.010002375602477855,0.013426256406302288,0.007841646309330428,0.009459596419733393,0.009613523675312522,0.00783947757453792,0.00985098667395218,0.013233731288225362,0.007864627338903609,0.013763661470782363,0.008681760889291167
2017-02-19,0.007093587367252482,0.011591411628790847,0.00858555106323457,0.010620664907617169,0.010597962274299821,0.00865378741875353,0.009407581393278575,0.011592116628875004,0.009463575596505788,0.009591183059392376,0.011516180923306278,0.00863460808804435,0.00948051177197477,0.01056199359184291,0.0065357956191432615,0.005595905018458652
2017-02-26,0.0024677864835760065,0.002553527018711502,0.0005678980071854362,0.001268606730840372,0.0022302510739162355,0.000511225647930997,0.0017488134346314106,0.0025527913266588367,0.0009952994570170779,0.0010928796171001494,0.0025309730463088384,0.0005863892617480583,0.0017677516518723548,0.002210531873494262,0.0022045735351418393,0.0007663488076097436
2017-03-05,0.0066332120886116,0.004239075811091145,0.0049596840583821175,0.006343009918189219,0.004324591206945167,0.0050693875243103806,0.0059741928353688875,0.0042390639866282664,0.004803563399312146,0.005488723951196303,0.00424145796732734,0.0049578979051335325,0.005931986640497131,0.004347338863186002,0.007946328104507112,0.005171320629574186
2017-03-12,0.001115111061494106,0.002076262734275649,0.0014719590338868956,0.0017010557921859186,0.0016098161662535396,0.0014902665018435852,0.001457379317840705,0.002076778925019808,0.001650060798792887,0.0019039044021633496,0.002040498153423037,0.0014820972697784935,0.0014481842476151846,0.001623075538660269,0.001723198139937886,0.001836116575158604
2017-03-19,-0.009849134828359203,-0.004473556733726783,-0.0016938257462733117,-0.001826520069731743,-0.004499484514035113,-0.0015741191961289472,-0.0025205197944854455,-0.004472895607380952,-0.0020244847045844815,-0.0037600483701088587,-0.004474989695666915,-0.0017039639081908276,-0.0025812199229058226,-0.004535076191966799,-0.011826820095960908,-0.008118574522683403
2017-03-26,0.013544584846353442,0.006406317580045874,0.01121054780295138,0.011963709409880225,0.005896589412016996,0.010985745767990728,0.01595949554879022,0.006407208643880316,0.01028930286944088,0.006696401641731462,0.006379010772017043,0.011149630836748633,0.015916250770407533,0.005907330690281171,0.014488275357090755,0.009290626014404403
2017-04-02,4.2878501315061374e-05,-0.0011871089170629211,-0.000950604475342446,-0.00114900198116815,-0.001123893843155318,-0.0008971297982156459,-0.0011899762613306773,-0.0011872443576002602,-0.001059646663128129,-0.0015160171313056679,-0.0011785753680614449,-0.0009671020844174658,-0.00010097660176285587,-0.0011328429997756013,-0.0007201541294269422,0.0007615408000850991
2017-04-09,-0.007869457864652936,-0.004399252294424613,-0.004165789501122991,-0.005192937667288668,-0.0045187069063666535,-0.004265259107214565,-0.004334845483053665,-0.004399239073669529,-0.004153921651294365,-0.00415931486522952,-0.004409287195945372,-0.004166602186222601,-0.005099835825481916,-0.0045164799846773955,-0.00890238942805598,-0.010256430362643128
2017-04-16,0.009735703142560441,0.00464915119677088,0.009759514197958513,0.010695091223162752,0.004650368623620386,0.01001100811057802,0.009835764425470702,0.004649149017085903,0.009435850662498003,0.009678735329523711,0.004643227845626715,0.009774573244825372,0.010438420160933696,0.004671045296136759,0.010996989704883407,0.010515639515163894
2017-04-23,0.02121729139766224,0.010354918334891277,0.0153222885119249,0.01743820896615766,0.009766931081339747,0.015554520302432626,0.01573668868374919,0.010354979809832302,0.014995748143446898,0.015358309590410374,0.01031097667708704,0.015328347140087658,0.017121218143600923,0.00987083848466603,0.02619486039074492,0.02534895385482175
2017-04-30,0.009467267004504249,0.00513420592655429,0.007911385682919115,0.009836807160458183,0.0051097952020967815,0.007625421464868223,0.008845472996168086,0.005134272901809734,0.007750023517555165,0.00879792087572785,0.005124361948615534,0.007903567071823023,0.008943945276871859,0.00507062096394396,0.009096853388088622,0.00986722597456528
2017-05-07,-0.0031451796497227887,-0.003509909708987421,0.0026228682384000584,0.0024861358641008486,-0.004619775403167733,0.0023418172491776624,0.0026954545580465767,-0.0035099856912528178,0.002069869849171903,0.0019587308442407855,-0.0035782651086514543,0.0025510664299058954,0.005482231464711001,-0.004552319989641299,-0.001750839653053357,-0.0017883077204434118
2017-05-14,0.0029816190247339384,0.0068560220280676765,-0.0018533048582508136,-0.0016624277287476202,0.006118854435591244,-0.0021034287169553337,-0.001627175423416257,0.006855961892918327,-0.0012459192018538208,-0.0016087981510511929,0.0068202608920102,-0.0018719256860065142,-0.0016329314573858482,0.006197817938624336,0.006363342953589984,0.004789121073207123
2017-05-21,0.024130294917540752,0.01799371215475276,0.020867106821080943,0.023505257679281334,0.016739817106953783,0.02109556817700343,0.021455906618235453,0.017993569504831258,0.02079247730943657,0.02103238138895069,0.017912223287277918,0.020872452779786763,0.02316661993923151,0.01690925142867801,0.03190629648861362,0.027473202106922116
2017-05-28,0.012790010296143003,0.01093080588503537,0.013627950116831605,0.015555996417742716,0.010896537840887696,0.013681936903520781,0.014304560289233858,0.010930730197394977,0.013598052583785627,0.014410426316019655,0.010920518361232229,0.013654989338165974,0.013953440034216696,0.010891941932700988,0.014006637337038164,0.011737463846564242
2017-06-04,-0.01324097145143464,-0.00581875595860866,-0.008078999007858814,-0.008249382892631807,-0.005691219838511892,-0.008534809209896436,-0.007505476831202745,-0.005818757060922352,-0.007780392260568457,-0.006933093554718114,-0.0058177939708504885,-0.008069874928335568,-0.009789159907053282,-0.005767208540545007,-0.01618193046996482,-0.01845398774065215
2017-06-11,0.005571075614969216,0.007168350031622239,0.012118467710299988,0.015288355743216969,0.0072071103594017125,0.011052388274928923,0.01431406523373838,0.0071683530698126675,0.011879606289569711,0.014410537500868889,0.007154369324213742,0.012077809670015028,0.013829925118505688,0.0070247948195445165,0.0006179603290065957,0.0014271691636379264
2017-06-18,0.001176948167681555,-0.0033655919656934825,0.004500267454955541,0.003953133653157264,-0.003942699792740622,0.00499525907443482,0.00383331096042108,-0.003365626395610257,0.003963262238781036,0.0034836386859704023,-0.0034070364809667387,0.004508569629034006,0.00512574023562938,-0.0038257592085857717,0.004330260549024747,0.0019159260346290497
2017-06-25,-0.02799992098345663,-0.015884630431763587,-0.018006474089000232,-0.020238676961229697,-0.01597841113510742,-0.018212316118745166,-0.0183833725095082,-0.01588472381822267,-0.017758340347933086,-0.017905696215717193,-0.015891237439979455,-0.01800194342956453,-0.020253283423048184,-0.016001844218612393,-0.030623326854533863,-0.03436849159790619
2017-07-02,-0.001340797852893113,-0.002194939875747957,0.00371058856119617,0.005391408703545823,-0.0027833097727248753,0.004033976938594191,0.0054249643934613755,-0.0021949430588489643,0.0034109146452880857,0.004851418009742452,-0.002242676604036479,0.0036906812298762456,0.004728390245171589,-0.0026622421662471085,0.005060307119227982,0.006880019109111367
2017-07-09,0.020397861094926605,0.006412959437958014,0.010061328495146309,0.012130065744238373,0.007445882016105708,0.01177528028646274,0.013690801398287069,0.006412964638012972,0.00970365455979414,0.010655262301823962,0.00645693103449284,0.010129949500468577,0.0108094791118014,0.007446683554684997,0.019528555732391754,0.021185231473796386
2017-07-16,0.004453346459012781,0.0015468039740591738,0.005952249621335419,0.007396776116509315,0.0008089145277085778,0.0062648619082946244,0.007684956327978,0.001546796178849454,0.005753130641285792,0.005306234748883222,0.0014910718679473764,0.0059494526698416015,0.005572359009547834,0.0009274761879539525,0.011061374563655545,0.01069760722963831
2017-07-23,-0.017692468395149864,-0.01629650441877386,-0.017836145096018104,-0.01975440182080202,-0.016093802197941043,-0.017125991939340342,-0.01921800577210525,-0.01629650850983695,-0.017853910491386172,-0.021580822934741967,-0.016295094493687098,-0.01778562613640384,-0.021257500034956116,-0.01613473509486824,-0.021503136585838606,-0.02675203371944345
2017-07-30,-0.002448389564836403,0.005000674721385316,0.00223463922813569,0.0011231283983308502,0.005030564392534781,0.0017602712347410824,0.0008336454070782348,0.005000680407444184,0.0025370051876089632,0.005474328740292571,0.00500055413149866,0.0022356854694744487,0.004886723294755624,0.004998793279856199,-0.0032681078200897055,0.00046149657382796625
2017-08-06,-0.00901917869574962,-0.0034544946511499727,-0.006204223272807002,-0.00847773500001093,-0.0036409948322460675,-0.00599777773038283,-0.008144346646039004,-0.0034544987330315325,-0.005934767835056992,-0.007018179620811111,-0.0034761773519486785,-0.006155508847842651,-0.0071291123030186145,-0.0036390522477942958,-0.009580148245513538,-0.012562444705955756
2017-08-13,-0.004409506270972167,-0.001730839910418367,-0.0053938488680871114,-0.007410464943387881,-0.0020807931522140513,-0.00535299558597516,-0.007003455864162928,-0.0017308476374417172,-0.005050431015181121,-0.007093194026291428,-0.0017565584375713438,-0.005344911247555783,-0.007001503772513204,-0.0020698664314608463,-0.004237335267113219,-0.008954706730034201
2017-08-20,-0.003949378705328457,-0.006749774770035564,-0.006052330934787222,-0.006667776259082091,-0.006007171775425665,-0.00501868385879865,-0.005911255614093452,-0.006749770876473082,-0.006145308899348544,-0.005798180751374843,-0.006716152205011841,-0.0059959053643111404,-0.0059411139164475225,-0.006023254789030339,-0.006320926594528676,-0.0070850874632979385
2017-08-27,0.017332271009560106,0.009487529275123469,0.012668454005651104,0.015563457234628852,0.00951655224919783,0.012609843690052044,0.01552656871383869,0.009487531134486263,0.012378004868747267,0.013153202733588802,0.009494292290241738,0.012627881557010346,0.013418332886869362,0.009530615999355545,0.0191672337000242,0.022448693066695165
2017-09-03,-0.005170605371548505,0.004120320915551279,0.001776750018732508,-0.00018571210777230534,0.0027997008079793727,0.0013763037785708015,-7.418645612461462e-05,0.0041203085016609554,0.002220415028172191,0.0014258190860396032,0.004026042853696499,0.0018067496591544809,0.0013446127022779999,0.002894673106870582,0.000673263244314513,-0.0018418543523297704
2017-09-10,0.013723298962963253,0.015216302124161998,0.01693055108857815,0.018930335992069978,0.014213027838417026,0.01647658681659214,0.018945508482034714,0.015216298621491323,0.016948236966105236,0.01862616184147919,0.015141641314520527,0.016900725860087482,0.01869258122082071,0.01427649715737582,0.019791843309387377,0.025331151929089555
2017-09-17,-0.006325214790003696,-0.011000565746842349,-0.013873395723466637,-0.015171444581159066,-0.008992782996593868,-0.01330692648303288,-0.015107545049405957,-0.01100055007754372,-0.013928137964868078,-0.013100888508406995,-0.010860602746329839,-0.013844667531632295,-0.01345951119658783,-0.00915513475117859,-0.017371058067031556,-0.018406533732868418
2017-09-24,0.005083268458172625,0.00310033921331614,0.0014694252327511086,0.000876144145328236,0.002690106761603406,0.0011672676414410533,0.0008683013396809418,0.003100330974421819,0.001686691886724648,0.00016435887936846008,0.003086749020299443,0.0014792699766379386,0.00033476621850229553,0.0027411801943595417,0.007571412013530656,0.0028434675620874067
2017-10-01,0.014856184473791655,0.009314218906363074,0.015549705058918355,0.018208721123554414,0.009177827343997141,0.015682928967961307,0.018671457817469914,0.009313965744567856,0.015248310080093945,0.018268370064590388,0.009299934489212276,0.01552043951711853,0.019531142832777706,0.009198688082029295,0.016498324355155775,0.009188268594555682
2017-10-08,0.00146133663059828,0.0016360752351486352,0.0064006600542712185,0.005859238256441151,0.0010458723101460475,0.006597336248709289,0.0071543075897635,0.0016374295334238807,0.0063908705808463084,0.005810438524468036,0.00159865404956923,0.006397045824943225,0.006925494848874539,0.001189080811099912,0.007272611926678564,0.0020215721239248956
2017-10-15,0.004991111052387293,0.0022401897036179955,-0.0012655082063580008,0.001290406808664006,0.0032351566307407386,-0.0008018193922621547,-0.00191599384104957,0.002239319277802093,-0.0011502337420281697,0.0014783523270794868,0.0022758247283966126,-0.0012425031981448068,-0.0016312209977676576,0.0031933504289850725,0.0037450125764087474,0.002949143739299103
2017-10-22,0.015731016096579748,0.008408333284603196,0.045325907475469676,0.05169884494762562,0.005954401839915597,0.046266763820102724,0.05616970793151371,0.008409813266608314,0.043841767826651674,0.050955091662275985,0.0082161913555935,0.04517145416309325,0.06001352251653975,0.006280189763520488,0.029582314418556504,0.012714891178512051
2017-10-29,0.0011971971424650112,-0.0008914841705834709,-0.0002649096627509902,-0.0024486898190101015,-0.0011814956930989596,-0.00031413658727174254,-3.399093234160921e-05,-0.0008906042913497815,-0.0002275750867207669,-0.00250107593872437,-0.0008979669609874411,-0.00026884658256974146,-0.0006400156221749636,-0.0011054733083844782,0.004202733578125067,0.0006853961503856371
2017-11-05,0.0029470795866588487,0.0019176597448518178,-0.0012225168783558252,-0.004875972873065852,0.0016272892990614237,-0.0014608696272449101,-0.0013396311280707107,0.0019178328263616622,-0.001155667037984717,-0.0050452824912095755,0.0019065663577917048,-0.00122822048877554,-0.0022650801213306964,0.001586556987187922,0.0013868455770176375,0.0015241323670111193
2017-11-12,-0.01437457857018946,-0.0036072555670276403,0.0035690911904932314,0.0040122085004658916,-0.005305393681096818,0.0030294481994207045,0.00403086047688988,-0.003605493714188366,0.003575370563662682,0.003950117450012695,-0.0036833202848923175,0.00357115023788051,0.004017945957267621,-0.005188177183331716,-0.010011074980859807,-0.009571348751314476
2017-11-19,0.012610276420494854,0.004710599148339941,0.01537585744298778,0.01607819538647787,0.004189909538419079,0.01556738035186613,0.019419525697053578,0.004710381956470807,0.01476443911270639,0.015754578800215406,0.004671602759752239,0.015305504956872674,0.020655535462653404,0.004236264610294478,0.014673899299826296,0.009230624520262517
2017-11-26,0.004588013716038071,0.01541883422760161,0.010006023988337182,0.012700303269768006,0.0147422314128404,0.009655004802829674,0.009132332834705192,0.015419402413492083,0.010581358511796337,0.012871201128995069,0.015371931467470009,0.010082439476967357,0.008090041305704643,0.014685203209607887,0.004185037739281659,0.0022879469983656847
2017-12-03,0.0031128851714187773,0.0005480761582735581,-0.0024481045686843388,-0.0048087618003552525,0.0006953548170686623,-0.0025828164982932503,-0.00319212542723707,0.0005486767173470187,-0.0022911371458452026,-0.004749431863015575,0.0005762079928335428,-0.002438284551815199,-0.004007808390244647,0.0007402931668054778,0.004823449467651118,0.0027911660163970923
2017-12-10,0.012230142830776898,0.003454730537180919,0.004292939315198257,0.0034520017187006486,0.0039745720507572075,0.004870502956163757,0.005219652989966982,0.0034548660232235733,0.004216021439530918,0.003407273981624814,0.003465175215650963,0.004280364920790488,0.005098175187939048,0.004044683878722632,0.015183375898755269,0.008624712476002019
2017-12-17,-0.007521748232745713,-0.004743960268171995,-0.006924623708318342,-0.008454506294874778,-0.004955358431067203,-0.007212522794691235,-0.007904673712132826,-0.004743542577069212,-0.006785171901291777,-0.008427313755553886,-0.004739824997962983,-0.006913554009461326,-0.008449886210716505,-0.004952803112998857,-0.0076466079374100816,-0.00583790593258812
2017-12-24,-0.0033604003818023054,-0.001275976541581367,0.0009869036820343868,0.0019561502261271455,-0.0014060225532894403,0.0011029057347012095,0.0012033458444352762,-0.00127622695964967,0.0008712578924642481,0.0019021801647308343,-0.0012961842439197264,0.000977054367341224,0.0017129643600253843,-0.001419719079439395,-0.004159832589440837,-0.0020633978674835583
2017-12-31,0.031641518534773296,0.013686730285981292,0.019282723231055326,0.023344284587066715,0.014139360480198308,0.020375437200452692,0.023519453527096962,0.01368754567741522,0.018877051795678258,0.02333008246335519,0.013712475222839117,0.019236135483767503,0.02332788978226785,0.01412898531701557,0.03271948996394742,0.03022392245278838
2018-01-07,0.0134485767336159,0.003758865051992524,0.019944636347844068,0.02516606416752814,0.003508982756815755,0.02066210203711253,0.02541553780702216,0.0037595339814238352,0.01925698377958904,0.025178427033028868,0.00374427153738186,0.019823683863377607,0.024749468323181967,0.003579566302297184,0.02307772466696355,0.02543321061456157
2018-01-14,-0.016419003627125717,-0.00654545271765475,0.0005480143483485655,0.001983847765856602,-0.006361916247599735,0.0008333450395821565,0.0019556445807084512,-0.006547722763208519,0.0006884879599839885,0.0018737576020940209,-0.00652343906087571,0.0005902711811862351,0.0015440074278905448,-0.006197667316299282,0.002422516015755718,0.0007741031526475606
2018-01-21,0.03224060002090148,0.020397303447553014,0.03669079226914935,0.04228774413020378,0.019837914201132865,0.03686323950252326,0.04239250469399217,0.02039719047211703,0.03615485597881256,0.04227129247890608,0.02036605622239267,0.036580712895168635,0.04199045391104352,0.019959005958299435,0.05056106283801363,0.05459598777526027
2018-01-28,-0.030420412396578514,-0.028581918542010414,-0.010737963936916724,-0.011851632222161079,-0.029440410140788346,-0.01016310553694728,-0.01155169131270899,-0.02858079054220373,-0.011512126927439106,-0.011785299517840903,-0.028652164501049175,-0.01086612921474682,-0.012205285293177458,-0.029347093761329393,-0.024035746604069114,-0.0178734096587036
2018-02-04,-0.047257819642337835,-0.035200034040862485,-0.04028886292719927,-0.048711543899034565,-0.03511376416090364,-0.03973819486799434,-0.04874750791369936,-0.03519992317941696,-0.04016111671102474,-0.048684457617993525,-0.035220134823649704,-0.040215129414577055,-0.048582781881375964,-0.03511967731503761,-0.05404479050506013,-0.05349208917696622
2018-02-11,0.0359581572799273,0.021990763538249636,0.03768833854589791,0.04450348294345453,0.021522908664114528,0.037817901703373596,0.04462025447808302,0.021990820449405576,0.03715998539541819,0.04448650457297544,0.021969802998998648,0.0375724060975527,0.04420738310349086,0.021625275167393147,0.05214166692277093,0.05495589151449012
2018-02-18,0.0065252806392446325,-0.002835424458689214,0.01158138134381144,0.01502169890848612,-0.0024064130376275543,0.013442970184720633,0.01518046554263101,-0.0028355894217971965,0.011087518102960736,0.014992697350581575,-0.00282214311411363,0.01156662027651038,0.014578394611750884,-0.0022798654789452913,0.02007681087771222,0.019971869466756505
2018-02-25,-0.01034997663279006,-0.004438232639213422,-0.0040494692135928856,-0.008169523377113784,-0.005489658352807024,-0.005313232639390862,-0.00824345308741318,-0.004438132441220419,-0.004044598666562357,-0.008141131398970365,-0.004505937030019283,-0.004099715068339591,-0.007960664283203871,-0.005473104290082124,-0.008749182990861132,-0.00424904931480166
2018-03-04,0.040859696912226365,0.02436035548436085,0.029627695081557895,0.03486112623436384,0.024715860310098654,0.030095587354229954,0.034882640036025044,0.024360571723999025,0.029374286486834936,0.03483096519993725,0.024392713097515728,0.02957964528067032,0.03475532945272469,0.024723363905647812,0.044757918997708195,0.04219514346398245
2018-03-11,-0.013866576070155956,-0.006466148059750639,-0.004633140666095845,-0.006778009350640346,-0.007165140117451527,-0.005783856821168571,-0.006804285710899775,-0.006466461741931362,-0.00462587469867268,-0.006786342639322127,-0.006497838824676945,-0.004690472846543086,-0.006765352189698719,-0.007138629015651366,-0.011577819300849414,-0.01023940417365794
2018-03-18,-0.06369396658636077,-0.04260913337557555,-0.039187787644546064,-0.04704886866563989,-0.0438088538808933,-0.040724948353884245,-0.04697830763622854,-0.04260894088646796,-0.039307025384075184,-0.047021554547000105,-0.04267657940721925,-0.039286535694125546,-0.04708267868941912,-0.04378558279030801,-0.06713139799162206,-0.06430098782205108
2018-03-25,0.012474952513828307,0.00858737539016112,-0.005811289207477857,-0.006439067210842611,0.010011275406885515,-0.003597552601895747,-0.006583821979172489,0.0085870084301479,-0.005283084581338762,-0.006419452787940542,0.008631331606041983,-0.005557936523319488,-0.006177825582458819,0.009965347468901549,0.00863325141709071,0.008229631429929368
2018-04-01,-0.019092723111852478,-0.011826672835588295,-0.014628919431188984,-0.01450409389099056,-0.011626811534857692,-0.014276515626670599,-0.014492399210616746,-0.011826614508473787,-0.014513964327336305,-0.014897575581197219,-0.011804842442592823,-0.014585326961753575,-0.014511542195831258,-0.011627254392332517,-0.02016876426852499,-0.014441915274010031
2018-04-08,0.013298339668976318,0.0005549326744324953,0.012611138570843911,0.016418996934183885,0.0013813185031006144,0.01367718030761417,0.016414933694333375,0.0005546403599163939,0.01216908707622342,0.013330324632321299,0.0006230044794935967,0.012624386779271567,0.016330400332891334,0.0013805490593075754,0.021687618136541537,0.01639153398882476
2018-04-15,0.025755872727640065,0.004699390428435918,0.0282604297824454,0.02878088594006515,0.004394371881991737,0.027766408564917015,0.028771889085098475,0.004699695085927256,0.027345280775945356,0.030456776204685933,0.004660537649160156,0.028003346450221026,0.028626567537196126,0.004394867288163317,0.03797457174950663,0.02874514504101493
2018-04-22,-0.014695505425210269,-0.014208145354877102,0.010903779125777894,0.013085841021317067,-0.01456764070561782,0.010373079657617036,0.013116014560495656,-0.014207138235071347,0.010045236145252684,0.013928697282304132,-0.014223085998480177,0.010571027872399923,0.012892174061274556,-0.014565587379097092,0.006016239922019144,0.013109481697907458
2018-04-29,-0.0008707540912344363,-0.0027844490918050055,0.00039563346376239757,-0.0008930248539589533,-0.0028841906318227864,0.000187993530244766,-0.0008912580193010521,-0.0027846690053566344,0.0003496385790289814,0.0003438771316105368,-0.0027970001859671197,0.0003812725301914663,-0.0008904629974392825,-0.0028846110022934155,0.0020817393032630254,-0.0009032494468650157
2018-05-06,0.023448830257257285,0.011840420864786184,0.011605535627174552,0.014026366161437214,0.012248710579239095,0.012144099320440752,0.014017846173091436,0.011840256359300978,0.0115826842286166,0.011498893753026714,0.01187358110346923,0.011661843738880467,0.014035634069762352,0.012248294967650918,0.021332784005428276,0.014018553098230245
2018-05-13,-0.010764358135073017,-0.007747955357712737,-0.010394646733171347,-0.010789459039218283,-0.007779212208556048,-0.010323451280718675,-0.010795484056081602,-0.007747655670954177,-0.010419456759267781,-0.010208995628517835,-0.007751430307087552,-0.010404414401251477,-0.010825083659945365,-0.007778657235524007,-0.016433785285996386,-0.01078832823770557
2018-05-20,0.0076275622738855775,0.004596358956753218,0.0148383408556279,0.017038468372382213,0.004916229196685888,0.01511519927122693,0.017051448763148718,0.004596177431836598,0.014609550336867626,0.015362566206892133,0.004629353352117916,0.014806457188262345,0.017011822809382154,0.0049158576797975586,0.020031551594348787,0.017037826664829926
2018-05-27,0.00639048162258624,-0.003307140613016608,0.011992732484655549,0.014798044290957622,-0.0027114994300479617,0.012558913341755223,0.014814003198405694,-0.0033074724785210115,0.011627474064712238,0.012770968259070089,-0.0032503592562392386,0.011961621139722703,0.014740346152936963,-0.002712217100473716,0.021464983691913134,0.014789279634207219
2018-06-03,0.010452239315500989,0.012796977549793616,0.013446453544686323,0.01239668680711248,0.012393443248173965,0.012863946968371573,0.012398754506949003,0.012796855292858338,0.013505903784447899,0.013234119938357485,0.012760034773494092,0.013414006092833775,0.012445482984078113,0.012393292136688602,0.014764194612782286,0.012397744534183273
2018-06-10,-0.00010323356138855272,0.0016723648503565954,0.00460221557956434,0.0015419506934706468,0.0006889711104543803,0.003288521646079712,0.0015553764980215051,0.0016726322888697123,0.004608613302585562,0.004960987654592256,0.0015903040292612237,0.004462754971525088,0.0015697219035256244,0.0006897119032356425,0.0045020310021667695,0.0015581262456113994
2018-06-17,-0.006717507353726837,-0.010685187421993403,-0.00025392140880511297,0.0011135495193654017,-0.010455047075653392,6.959873169386416e-06,0.001124131537399508,-0.01068498267120683,-0.0005894669456754127,0.0007695661274760958,-0.010659443640606166,-0.00032903407843760783,0.0010261150060816469,-0.010454682329544737,0.0002478427466417514,0.0011145851539995793
2018-06-24,-0.003014566201168036,0.0027946310328001694,-0.006906869423307772,-0.009112170720654265,0.0023122900655923612,-0.00737007666246641,-0.009126223163338545,0.002794900585008031,-0.006715254047173021,-0.0073303926852152645,0.0027464244882655225,-0.006903281251328854,-0.009083404402507128,0.002312850525168535,-0.013581355306301411,-0.009110885608610049
2018-07-01,0.014516734415879957,0.009708171603417637,0.0076793819858421855,0.01029283850194595,0.010019523783358306,0.008131810305664898,0.010303153571872038,0.009708173266856362,0.007740898089007089,0.010070376267148642,0.009739520188466574,0.007740066691756753,0.008639332076581971,0.01001944721108531,0.014610851464315379,0.010542558942794693
2018-07-08,0.021633649141403602,0.006771793386411113,0.0325345962843013,0.03458657675310467,0.007375639786246082,0.03215765649099663,0.034554304473997356,0.006771794511113929,0.03246718380684253,0.0345644505728946,0.006822319273130801,0.0324795844888356,0.03380215313855917,0.007375258016230805,0.045659373712410675,0.03435269624017161
2018-07-15,-0.009893552576498385,-0.008714366895071072,0.002017435511270359,0.0028321399818057092,-0.008013039502191,0.0021861444640919486,0.002817159753909574,-0.008714363905410959,0.002047598627766015,0.0028177437270667503,-0.00865263780217182,0.002042049756708716,0.0022995069002676163,-0.008013493873132424,0.0026551473822468527,0.0025113291579065417
2018-07-22,0.019804336682220317,0.017038787524834995,0.003614890697987314,0.004997011523462425,0.016794178160010196,0.0038670257261794357,0.005026493460523157,0.017038787643306234,0.003659975618576389,0.005013422500922997,0.017021720771158603,0.00365168190443691,0.004134209316546176,0.01679443216933383,0.013159512720661218,0.0058229418861641055
2018-07-29,0.0029812983087393287,0.005886042977193063,0.0017329076648101617,0.0020102238721737046,0.00566139235469639,0.0017343419362503161,0.0020227897926093723,0.005886041656023533,0.0017331641835267918,0.0020089381867366258,0.005869304359494979,0.001733116996687125,0.0018699209654854164,0.005661643814700744,0.0009893864242609162,0.001940129534233608
2018-08-05,-0.0009843993010491088,-0.004922588431854262,0.016467956797340887,0.015784312163150467,-0.004836606930754032,0.015896554426208954,0.015765103727362006,-0.004922590415623185,0.016365761654112743,0.015737605949222702,-0.0049114841567286386,0.016384560535118973,0.01651156206235752,-0.004836405602341323,0.016426530803864692,0.015496987545318504
2018-08-12,-0.0038871234207179008,0.0076941850939759625,-0.0037982303543537994,-0.005109313046859145,0.006987382144947089,-0.0040421205426960025,-0.00508256424236318,0.007694184796905586,-0.003841829904502747,-0.005100940704972054,0.007635978686100846,-0.003833809073170931,-0.004280858531053129,0.0069879680411778985,-0.008001614894516593,-0.005220793958538323
2018-08-19,0.006051505507478931,-0.0006548881995210843,0.007697191710539531,0.008365512202154405,-0.0003377263235575332,0.007677645768944151,0.00834943477760296,-0.0006548876549020977,0.007693698241114837,0.00836237146776093,-0.0006297325542480984,0.0076943409433833975,0.008040450312909175,-0.0003380057625724372,0.011370787877545063,0.008339198077695363
2018-08-26,0.024864172738044484,0.018374483783323105,0.0305015153612037,0.03199262642322085,0.018347647459773568,0.030044512244065815,0.0319819571047637,0.018374483769473534,0.03041983595085449,0.03199531179458428,0.018369529598330107,0.03043486275786357,0.03154911280416976,0.018347648858243436,0.03808880323943806,0.03140320653663998
2018-09-02,-0.016660768169333262,-0.0003492213173475851,-0.021639066291065448,-0.02405804939146351,-0.0012711661834818372,-0.021779342685775152,-0.02402436771414069,-0.00034922115214456803,-0.02166412852671862,-0.024035209619806767,-0.00042773951463343125,-0.0216595174535351,-0.02273881937689023,-0.001270537766458562,-0.0300680763271775,-0.02401686015291526
2018-09-09,0.011623829893531452,0.00791932304569461,0.015148964541838714,0.019696574899710627,0.0089165718954657,0.016003540113062993,0.019698373531243853,0.007919320828868539,0.015301627804559365,0.019660846167318648,0.008015813267596272,0.015273539480687529,0.01681245943498489,0.008916216757615902,0.019010139945293884,0.019466714990922868
2018-09-16,-0.00495815608286943,-0.00347974702391069,-0.009270431915885207,-0.00720463494346177,-0.0025047679340442766,-0.008451074001382227,-0.0072126190810463025,-0.0034797404313622127,-0.009123958821107593,-0.007170046629987892,-0.003400317001519739,-0.009150904916962053,-0.0088031110040539,-0.002505764732781435,-0.0060707409819363,-0.007275626608201963
2018-09-23,-0.004024107241635068,-0.009412897264609386,0.018195214796765485,0.01627634032886389,-0.009550908263002714,0.017172964868901817,0.016254236277348802,-0.009412899064003848,0.018012347470889777,0.016219803140498788,-0.009420688726032635,0.018045984816254912,0.017929568295371408,-0.009550476855531403,0.020029875054205535,0.01615385869662173
2018-09-30,0.012995583597431103,0.013170040546490742,-0.02272200076240009,-0.024655774666399188,0.011852798615338994,-0.02349563598690331,-0.02623057077736953,0.013170040579488727,-0.02253690545620334,-0.025860812397393906,0.013074419927999296,-0.022634671360616393,-0.025865656779588783,0.011853602854415526,-0.021275919488667968,-0.028298298497861543
2018-10-07,-0.03756783926927109,-0.023230584727496714,-0.020759901182423917,-0.023623166197424925,-0.022839167798894687,-0.021017000135285114,-0.024128408105469023,-0.023230584727496728,-0.020669264841735924,-0.024236041994582416,-0.02318930761406568,-0.020705711968063725,-0.02399759680246563,-0.02283884311556849,-0.020988568041861087,-0.0378406167570729
2018-10-14,0.003966431804834436,0.007938734256655079,-0.0054878384593868654,-0.0057747031530980845,0.007192003313974961,-0.006286804381906696,-0.00708615308007195,0.007938734256655087,-0.005371148446556123,-0.007024466344708766,0.007884388681147996,-0.005454934370581034,-0.006747196639893887,0.007192104579190765,-0.003689319304383456,-0.007961331441873724
2018-10-21,-0.04569187240826644,-0.03336866880818442,-0.022743150444908565,-0.02632005916568353,-0.031556581194458325,-0.02224988442663721,-0.025880610457574317,-0.03336866880818445,-0.02271511404090191,-0.026059925589913987,-0.03321893137888665,-0.022681281765502194,-0.025993949758660078,-0.031556389732595724,-0.02335103226032822,-0.04078056639201388
2018-10-28,-0.017892998944888203,-0.0036132017014407214,0.0006830707385329042,0.0016053918327578562,-0.0037675759820016575,-0.0001555697228255974,0.0004682237155569002,-0.0036132017014407552,0.0007581488460808664,0.00012179514867700236,-0.0036267770937135893,0.0006786940124552532,0.000763325345289572,-0.003768579988365069,0.00208943446805841,-0.0023021104698021573
2018-11-04,0.009811375386903128,0.01125505430590814,0.01798733694433585,0.0201848857966563,0.011266168296541503,0.018093190668461802,0.01996712181853201,0.011255054305908114,0.01798264028113862,0.01981493405399692,0.011254089882004745,0.017991808829035477,0.02002390259695901,0.011265840312128036,0.016684589203608335,0.024700833258928915
2018-11-11,-0.012583359409199493,-0.0027167332991786474,-0.020186223780383195,-0.023014879466877053,-0.0018140416442111239,-0.02054818475517767,-0.02409771841821256,-0.002716733299178665,-0.02003674644173183,-0.02413766929790932,-0.002646239610598119,-0.020091903829643556,-0.023817122869215696,-0.0018143076050797491,-0.01779132458079859,-0.03182040729970509
2018-11-18,-0.038291115613347984,-0.025240703685507605,-0.027742904080090464,-0.0315033045017891,-0.025001767907166936,-0.028082076308890775,-0.03168365412071915,-0.0252407036855076,-0.027680901274936873,-0.03172865334112166,-0.025216629269144406,-0.027718643325240978,-0.031636821103897,-0.025001657307390845,-0.02696147779370177,-0.046815336983088436
2018-11-25,0.050439427543375805,0.029076841137416456,0.05331949057020593,0.0602497542241444,0.029465753600548886,0.05434549872621454,0.061586804230226166,0.02907684113741644,0.05311132024131709,0.061488159721462224,0.029098941796858957,0.053229130510599285,0.06124043225141769,0.029465338461367844,0.051200433407737285,0.08707133439111224
2018-12-02,-0.03661975758985128,-0.01959109774474088,-0.025777473191362345,-0.028899767049518275,-0.02061927256972595,-0.026697613506528207,-0.029597264719884796,-0.01959109774474087,-0.025692816889811763,-0.029650164552131975,-0.019667526422491005,-0.02578035946692793,-0.02941650092157968,-0.020619327425482472,-0.025130591757695782,-0.04475485417469058
2018-12-09,0.0005530147205760681,0.000849584527362958,-0.00129538393241914,-0.0017634858225727469,0.0014161179553566832,-0.0012102854953639952,-0.002098648637023187,0.0008495845273629532,-0.0012466150930606928,-0.0020828700985923124,0.0008987616769778658,-0.0012486200026923784,-0.002011842471771203,0.0014164014738202735,-0.0008974355051998752,-0.0029691695257993266
2018-12-16,-0.04788927578121047,-0.027167790614874728,-0.054941203548347396,-0.06212404017164498,-0.02697450883264277,-0.0561075654221855,-0.06385701539177699,-0.027167790614874725,-0.0546901202386878,-0.06376591579844931,-0.027141877570374437,-0.05482663932122213,-0.06340805197330723,-0.026974103023412854,-0.05089637118416346,-0.08816001112188852
2018-12-23,0.03073471592787798,0.015991090176422876,0.024709771660945564,0.027556964491854668,0.01613137127517195,0.02512744950333884,0.028544503468516835,0.015991090176422886,0.024576562227904417,0.028577243083926483,0.015995308685138744,0.024633111556484847,0.028288105400913133,0.016131093780952115,0.02509867906808011,0.042285337382063005
2018-12-30,0.030694803337789425,0.010824607273712733,0.013169509136583584,0.023918929205934816,0.010790039300492082,0.014291803480712288,0.02535114809962388,0.01082460725708214,0.012834053655039146,0.013516373147539989,0.010834303853768741,0.013221457816864424,0.019403896441711126,0.010789237875897506,0.0017540588848200685,0.001005744669527671
2019-01-06,0.019912793156222464,0.010278500005179728,0.008862985280171714,0.01593484068431992,0.008969740382889483,0.00952549484104371,0.016400887319863642,0.01027850000307318,0.008696597898120152,0.00886684652287157,0.01016957251874067,0.008897020668258739,0.014082923100569314,0.008968385113325771,0.0035959672295423585,0.0035760593652344567
2019-01-13,0.02397924614933917,0.015037554067131954,0.023362315407620363,0.025943784121065124,0.015162948460221006,0.023452717977118773,0.026645724824916468,0.015037554065961523,0.02317326982439273,0.024282956475384265,0.015035230462055339,0.023341038291865852,0.024244363961788494,0.015163234287059119,0.015188517678806558,0.015227458412560539
2019-01-20,-0.006652463634686898,-0.008476249839233388,-0.007410092901574577,-0.009808528122170158,-0.008293663530461652,-0.007314605585589908,-0.008385710337605124,-0.008476249847810917,-0.007583408287228773,-0.0065116934040210135,-0.008465205317546276,-0.007428452223567467,-0.013713787271447243,-0.008293462346335975,-0.014921155840547958,-0.014899358959550888
2019-01-27,0.01352715870463217,0.004364304387375241,-0.018664977198394064,-0.019889683909020166,0.004880323974653231,-0.01884690103093923,-0.021612247311155373,0.004364304371073136,-0.018395117085404096,-0.019733505973328794,0.004456209510722193,-0.018639411164883622,-0.016600871540586898,0.004880451652385437,-0.00699312737882159,-0.006905326978496898
2019-02-03,-0.002892032699753819,0.01078837743560463,0.012435065302987273,0.005377617113583309,0.009897792674166878,0.011390914633114643,0.0038186985599140385,0.010788377458906097,0.012697727183226848,0.012389980769958583,0.010690952361697611,0.012381419081249415,0.009892721406209507,0.009898050957182151,0.020825424898601196,0.020722698249814216
2019-02-10,0.01964848107718209,0.013118144797807749,0.011454877343151445,0.011917718889100742,0.013112439586284904,0.011393906518791436,0.012066736079005526,0.013118144793644973,0.011387960523284562,0.011965119069333747,0.013111924318777383,0.011438927060860667,0.01136295857496477,0.013112487979838845,0.008272136898771987,0.008288820364991366
2019-02-17,0.009134536035045278,0.008599658351674543,0.012779477999153186,0.013315477869073325,0.007914851301417664,0.012754109990451136,0.013642909806241018,0.008599658357339664,0.012694287814040701,0.013272618642419229,0.008526750197673634,0.012763901480823318,0.012507963781938082,0.007914557544079846,0.008885173070881778,0.008851538075910392
2019-02-24,0.020473655937610052,0.012523267154869943,0.011891003590887534,0.015253173719275818,0.012262870513217134,0.011949979019639281,0.01458424413827946,0.012523267155527233,0.011908423632048176,0.01171892930498369,0.012511369846088567,0.011899055881071052,0.016639650257158887,0.012262752427772987,0.01286609250213869,0.012902113829735534
2019-03-03,-0.023815058452844144,-0.013598786094663657,-0.010280322419182648,-0.014952192124731216,-0.012690517656288201,-0.0106151758951842,-0.01514645776048061,-0.013598786091080358,-0.010157101231946492,-0.010542032882306063,-0.013520829904713365,-0.010291416420896636,-0.013872880603392397,-0.012689654322627909,-0.005844536410077702,-0.005840568121350335
2019-03-10,0.03138807047241613,0.01599207804686019,0.025787770874062442,0.03201277822035054,0.01594638150804343,0.026458129194363827,0.034137932310332596,0.01599207803652762,0.025363988133316712,0.027224786212891646,0.015972001184714077,0.025782343767570243,0.026417514761626414,0.01594615940998858,0.009033007431153383,0.009084346930144495
2019-03-17,0.007783199138898564,0.004602574213082163,0.009984773368900446,0.014463528710675948,0.004577874735828525,0.010376527114521562,0.014704227040765553,0.00460257421368804,0.00990285120943518,0.009831253980843647,0.004601907381481592,0.010007469837699382,0.013963492857198057,0.004577636517609728,0.007560396635961326,0.007574021966648121
2019-03-24,0.004488980601215186,0.00938074088130681,0.0072653627583730935,0.008151641775742706,0.008267781330761805,0.00712622113384245,0.007182611810740787,0.009380740893560122,0.007383440246980626,0.0067562170761865095,0.009277415994638667,0.00727116225366623,0.010728867135572515,0.008267002465205772,0.012177223880715963,0.01209204988995586
2019-03-31,0.017436043897797602,0.008137228602009891,0.010977399101766545,0.014924440587170231,0.008866651350885364,0.01118420923207899,0.011684615441842027,0.0081374674410534,0.010856589874353688,0.014079927311148582,0.008192740025358074,0.010968852244093394,0.012320598820545625,0.00886663803056669,0.011423401620432509,0.013497531593661188
2019-04-07,-0.009273013057974167,-0.0027761119539593043,0.004019717356047655,0.00448939271344021,-0.0016679940593121215,0.004125015776326606,0.003912793857987686,-0.0027758549793057306,0.004008233881509626,0.0036887689412706958,-0.0027004844218817903,0.004025133027465842,0.004432816024907497,-0.0016677828026786983,0.004947238133592114,0.003598785766513363
2019-04-14,0.013741015454742867,0.008774625346949803,0.008949551808240789,0.010324625491927114,0.008540049437578984,0.00915008096006877,0.010343803173471338,0.008774535547722395,0.00892371770248042,0.010165939713787774,0.008755506720539208,0.008959050765651995,0.009985147418943272,0.008540080039614052,0.009411975790032055,0.013038425357999914
2019-04-21,0.01406316130433172,0.019862753959378452,0.03380025829520498,0.034762717701024584,0.017555509465195306,0.03348889087190114,0.0344374889400242,0.019864052858249086,0.0339276062265068,0.03823791819200659,0.019691929980247005,0.03380345920404389,0.0355281339402513,0.017555831814393366,0.025650162313568863,0.045724623663711675
2019-04-28,-0.006334559347995167,-0.0063554680236542265,-0.004730319756535982,-0.0013335068689709216,-0.0091023014649598,-0.0043439796946201665,-0.0036234980652507147,-0.006355860067118808,-0.00492084567790785,-0.0035339758009808693,-0.00657859211882071,-0.004740997018517056,-0.005382878649735799,-0.009103137547006649,-0.019210838409577657,-0.017401002186669876
2019-05-05,-0.015092089322971135,0.0021360272938874755,-0.006517226655068198,-0.016299558674669774,0.0014307969783394535,-0.007573524851158484,-0.009425678246990853,0.002135639461684777,-0.006056862643862098,-0.01059915022586237,0.0020940207600865244,-0.006500547302520597,-0.007599325631337066,0.0014310843667957093,0.004143365897180441,0.006639949266859698
2019-05-12,-0.0041265981485102314,0.0023601248428943714,0.002143342572191761,-0.0007219094570629622,0.001949387730784131,0.001930241445607309,0.0019702418989755383,0.0023600948014571017,0.0022947289823311828,0.0009770606047600759,0.002330804227665969,0.002158780617775078,0.0021793989985777534,0.0019495981267660038,0.004558942655388669,0.007716587638797862
2019-05-19,-0.016996846554885557,-0.004359701789383946,-0.006832908105906928,-0.01155778600030206,-0.004599467555152861,-0.007260379079798033,-0.008312578298574118,-0.004360010610423116,-0.0066306938877613315,-0.009479523220830833,-0.004379657310575122,-0.0068228180736054165,-0.007521630705678647,-0.00459941613019246,-0.002759109195863878,-0.003445780575793399
2019-05-26,-0.010846092906931507,8.358962360071904e-05,-0.007793797150535068,-0.014472291958585204,-0.000706215256542503,-0.008560138869223846,-0.010270756194261018,8.32265897910715e-05,-0.007511861103789668,-0.01073401267765237,3.2130880770064527e-05,-0.007792266155829867,-0.009139363814773097,-0.0007062332118581783,-0.002539346186283365,-0.002781743245302457
2019-06-02,0.02764003181726607,0.029932851526336637,0.02685777916072064,0.02683825408837553,0.027476860968331556,0.026999691942262146,0.029973358950479242,0.02993144100731144,0.02700497971901663,0.02907518143414644,0.029721681706263495,0.026898568599506567,0.030510950297500637,0.02747635720065298,0.03166632218619014,0.04569907022837284
2019-06-09,0.012940678433761925,0.005590282547954083,0.010821748934895913,0.015300429080090557,0.0055691040639231195,0.011016210430098304,0.011115746015176939,0.005590847417885543,0.010640923420960615,0.013854984974498859,0.005589406539669906,0.01079882726410508,0.01116783933336129,0.005568965240389554,0.004690046474262427,0.006085067334379764
2019-06-16,0.020090733323705968,0.00940819244608408,0.014528349251755163,0.0199583076965641,0.009936349982524875,0.015324644593237966,0.01771177219590286,0.009408191425662142,0.01431418314740742,0.016759091561759615,0.009438524625746746,0.014542949551990966,0.016281031596983637,0.009936417913712406,0.012190987858905752,0.013926951188058126
2019-06-23,-0.01320943794141631,-0.010513272816549483,-0.01105636361675635,-0.010782475322805062,-0.010910024522741278,-0.011001466519731848,-0.011727044009255004,-0.010513406828441027,-0.011131644288310481,-0.012047323121485801,-0.010547013561470269,-0.011067817776755345,-0.012318267262152465,-0.010910333764609127,-0.01595553503229228,-0.020311623220165984
2019-06-30,0.016535989497866665,0.01143794243809345,0.013390151492778658,0.015080043449669494,0.011973198457872912,0.013322641687933665,0.01192920745279379,0.011437944494242262,0.013409262044838166,0.018359687439118495,0.011475087990339085,0.013390023264661354,0.012034003622345616,0.011992832651773097,0.010430659360024696,0.008745926745994857
2019-07-07,0.0071703559926100495,0.0016562369147561616,0.008477630465836715,0.01706923789901268,0.0020095249428532845,0.00923978905974017,0.010257949872560445,0.0016563633403518336,0.008347578311854079,0.008695732709388507,0.0016752452157900977,0.008500323247778961,0.012108350091744024,0.0019960133963142722,0.0030419641456677308,0.002852024044175568
2019-07-14,-0.004082823606646243,0.011863500760236102,-0.0016205558907694956,-0.013106656174460631,0.010987250211932482,-0.0030620064137121946,-0.008673767860289347,0.011863203578343955,-0.0013743740333429068,0.007082184673727255,0.011807739634200686,-0.0016635056219517236,-0.010101648752690392,0.010884159400038574,-0.01058427296309605,-0.014658442792577239
2019-07-21,0.0335416674990367,0.02569002238789826,0.01927373029304733,0.0077500301094594335,0.026611905830687482,0.0180954797280312,0.017280381961026263,0.025689876817186937,0.019474620793445876,0.02240394091341381,0.02576169066905347,0.01923867209671794,0.013624154270395747,0.026655671318953043,0.029397579535318644,0.029721097320491635
2019-07-28,-0.029165753934495102,-0.012304223652793402,-0.018140778484383543,-0.030870418398868064,-0.012527808257048356,-0.01913319432785021,-0.02167504718089661,-0.012304424608465066,-0.017971801512165406,-0.020955328058297796,-0.0123137570889446,-0.018170274150988406,-0.023300422563949933,-0.012590709825830987,-0.027384510485058647,-0.027961610926260802
2019-08-04,-0.014293210752911517,0.00027079727313143124,0.005850739948295869,0.00026498047282853257,0.0008048398467836789,0.0052937935160077745,0.0004984997252879099,0.00027059807359004675,0.005945458127829002,0.00754668765923759,0.00030850925595365085,0.005834203135484922,0.0011816796807568703,0.0007492778511960197,-0.019077801090345226,-0.021732459693449856
2019-08-11,-0.010121112715879312,-0.003456887670084002,-0.004037850406867399,-0.005569027261218654,-0.003419761583694034,-0.0041824506944123,-0.005496438912922341,-0.003456928187588671,-0.004013274608223075,-0.003733881473988886,-0.003454916032974856,-0.004042141561276905,-0.0052335044533462095,-0.0034635324916999282,-0.012726290451127591,-0.013912369956242277
2019-08-18,-0.022076572262440298,-0.006480548499634394,-0.007302327209795394,-0.013524681855096456,-0.006398310900085734,-0.007922089579254714,-0.011923964026196995,-0.006480718455360234,-0.007197012287577807,-0.005486305160784695,-0.006473996101744619,-0.007320716670930823,-0.011697452969645195,-0.006497353040160527,-0.028637962811638024,-0.03155899635456421
2019-08-25,0.023288174702808043,0.01398117318479097,0.016242395959451816,0.016280486013790143,0.014374271919645111,0.01626839700654776,0.01761945359882493,0.013981185028690992,0.016237980882613617,0.015693798868940977,0.014010290292795428,0.01624316698973088,0.01703439410898366,0.014381052811848207,0.020627474249655546,0.021986950814949467
2019-09-01,0.01606707562445296,0.006031753984221632,0.005637647212947015,0.012542708186232014,0.005743695753881027,0.0061123560594408405,0.007737438189972335,0.0060318688425440555,0.005557037433173636,0.008141776481185468,0.006008984050946927,0.00565172449233597,0.008320753046647573,0.00579194144597608,0.017491600544882302,0.017942746783530486
2019-09-08,0.006143363439427001,-0.01531289489064706,-0.01463656049085083,-0.004229184893956454,-0.014776576965134973,-0.013318938446347703,-0.004720377660581943,-0.015312511086132779,-0.014860427983741134,-0.023557953716267684,-0.015279499157118678,-0.014597469098853785,-0.004974211079258833,-0.014735067900575875,0.008906009148812108,0.01406976915836068
2019-09-15,0.0001884194288006881,0.010119536815353034,0.009485700178374024,-0.002060296476447698,0.009973670593997112,0.008409054387737591,0.004556280809505375,0.010119275645524579,0.009668911394272992,0.01091786190093924,0.010116507548210099,0.009453716658993971,0.0030402874265249,0.010024379654817242,0.006393041252712979,0.005822875438753302
2019-09-22,-0.01355605778948751,-0.005178024462648503,-0.007535904616962732,-0.01591970373823433,-0.0049082357098234036,-0.008159191603024434,-0.009476328714765465,-0.005178138486731931,-0.007429973141554875,-0.00971883219005352,-0.005155558397195181,-0.007554401212026294,-0.010746179653087693,-0.004944462834189428,-0.014294785472243509,-0.01447427432804856
2019-09-29,-0.011336699223463738,0.0008998522500139363,0.007053557589334995,0.009038470241791592,0.0009853957397886553,0.006994757568822375,0.0069887255928606645,0.00089983120377048,0.007059539086027632,0.006555526580367544,0.0008654375248107333,0.007052513035373377,0.007807056140489485,0.000986668799014748,0.008758711443271052,0.0092114749827752
2019-10-06,0.0049302788820417,-0.0011569985533837982,0.001025488965501998,-0.0014275041440408817,-0.000853467495897551,0.0010308534372993755,0.0008728254857961479,-0.0011569925156905362,0.0010254889651585422,0.001080160767920075,-0.0011215667897880154,0.0010254889653357768,-4.0916488709108554e-05,-0.000853385640229421,-0.0025993338353185,-0.0015025620083151218
2019-10-13,0.008050150499880598,-0.0010998270842477696,-0.009146764408050895,-0.009741524546175804,-0.0012322992149499715,-0.009058758624351603,-0.009172946435112097,-0.0010998245160967076,-0.009146764408564611,-0.009077249740566971,-0.0011048439955387815,-0.009146764408301335,-0.009109656614694407,-0.001231926717211367,-0.006366868245139801,-0.009653574343470143
2019-10-20,0.00012086231944676527,-0.014481131815000749,-0.0033852435469322456,-0.013182118094370272,-0.012827279854453104,-0.0032713504061296327,-0.004025074389932097,-0.01448112598385096,-0.0033852435479940247,-0.003244063690088313,-0.014346973725773978,-0.0033852435474447558,-0.007229865013229673,-0.012827168507259158,-0.013610815855227457,-0.013168490258982413
2019-10-27,0.03152374547407796,0.013253934366504202,0.008408156886917094,0.006913877621551805,0.012268723582220153,0.008441578466876648,0.008383689216632073,0.013253901644330029,0.008408156886176769,0.008542247322487654,0.013193431218800839,0.008408156886556365,0.007946625142128025,0.012268746515903334,0.005578897990260913,0.007096123757555256
2019-11-03,0.024031472077891608,0.0059125733408383115,0.0036631618676715378,0.00097177595063696,0.006014841098981484,0.0036655653239930086,0.0035430407415869124,0.005912556350203089,0.0036631618668669505,0.003800310787956277,0.005923511536469553,0.0036631618672801976,0.002469798459797159,0.006014856952544702,-0.0002432762845516385,0.0008793816900852887
2019-11-10,0.006349561995835038,0.010827735287558645,0.018290316046310207,0.020530307870273865,0.011716243231592555,0.018117644537908137,0.018413175792388596,0.010827756601281683,0.018290316046856835,0.01822103430314531,0.010890033046077087,0.018290316046575793,0.018536967882401813,0.011715946551331112,0.015205636284907793,0.020045970888831456
2019-11-17,-0.006310692188231535,-0.0003869046802868351,0.0003980872902000776,0.0012865136014748762,-0.0011238184173787903,0.0003969166507152992,0.00046371877363233973,-0.00038692568926597436,0.0003980872904817746,0.0003608690822893585,-0.0004476298155235742,0.0003980872903370297,0.000852628009637516,-0.001124035164147016,0.0012236448967966177,0.0014924988837041332
2019-11-24,0.00840624520823394,0.00787439069027667,0.009310406759205279,0.010135794943480717,0.007900916603911387,0.009360056300593885,0.009348310657376065,0.007874396564627776,0.009310406759303098,0.009283060805074917,0.007879397367404808,0.00931040675925259,0.009938746071420097,0.007900998006759391,0.009925415660717897,0.010320758571802802
2019-12-01,-7.686666187954648e-06,0.00047459286708642645,0.0017310869887397625,0.0027048051654055584,0.0014164718567431004,0.0016329100559164392,0.0017721716166597067,0.0004746254451671988,0.0017310869888700602,0.0017150860993609424,0.0005487122141153392,0.0017310869888028757,0.0016550210743375969,0.0014165474568648881,0.0008192062445713912,0.0022403398257599227
2019-12-08,0.004061620570088113,-0.0010870767016483353,0.005999551427432482,0.002757142013644651,-0.0005063092478793693,0.006023899477464709,0.005801317099574769,-0.0010870974363990356,0.005999551427177695,0.006034293296470342,-0.001058296976615317,0.005999551427309958,0.004732977496227984,-0.0005065934271738229,0.0016381035498716561,0.0028510100433730475
2019-12-15,0.006083829408961534,0.00495074999156645,0.007765476846796661,0.006987739688388737,0.005245747776945699,0.00778505029657039,0.007692238008524874,0.0049507798647995815,0.007765476846753919,0.007764581622997029,0.0049998406635706006,0.00776547684677633,0.007527338567861001,0.005246025140166959,0.0053923487478815015,0.0069576431984600465
2019-12-22,0.01264519252781666,0.006648709131275212,0.005495000935321912,0.00487862333973019,0.0061333660799426076,0.005618578786298166,0.005472348640621779,0.006648681651992976,0.005495000935073508,0.005520036479976819,0.006601685892765592,0.005495000935200951,0.0058363750877508695,0.006133359688293329,0.006667364543551959,0.005356243664825083
2019-12-29,0.009744896274346226,-0.00031008371269038994,-0.0028352087689842713,-0.0038067020626395723,-0.000667321515426247,-0.002553737212320676,-0.004063128812195621,-0.0003099334332004052,-0.002886663402610982,-0.0027039657597473076,-0.00033606058307690084,-0.002824055694596384,-0.005172780875807504,-0.0006609384663992839,0.006879231603052064,0.00806398533624016
2020-01-05,0.010582872264537331,0.008198629088928764,0.009991871556567632,0.01056634525557959,0.009233721605482316,0.009740462565816309,0.010148424621151883,0.008198672373595738,0.01003884004219071,0.010272107795624024,0.008275862223035484,0.009981691594893777,0.011505004573415852,0.009379221903306562,0.022710513613839935,0.02355967526601611
2020-01-12,0.014060129886340665,0.011116001040822648,0.017298013283595315,0.016238540386529516,0.012054890825928439,0.016835095430065276,0.011333020681106538,0.011116294569409317,0.017384470523991957,0.018146448690183274,0.011196704184007165,0.01727927345876686,0.016247172256338017,0.012248957859021513,0.027229118727386516,0.028878162045108832
2020-01-19,-0.003359025199562101,0.004244165249603906,-0.0005685926981795816,0.001570663464404376,0.003667631168474528,-0.0010118659898808516,0.0030698654735242924,0.004243328886976464,-0.0004858490955914124,-0.00036583186675143934,0.00419737465059403,-0.0005865294373952855,0.004140823170198564,0.003583091142518381,-0.006256471350412898,-0.010445907662298989
2020-01-26,0.006811359107233947,0.0011642681126317143,0.01738269931600024,0.018680769506739213,0.0009145023090408595,0.018608284697342943,0.028774997103105132,0.001159458639980761,0.017154045835544973,0.013812458530757623,0.0011164785157668292,0.01743227065270682,0.01745303126267004,0.0006921865142686476,-0.0020298758027599163,-0.0018035805863667832
2020-02-02,0.027927280630833193,0.014351376139612643,0.034218628001996966,0.03182897788174403,0.015763165478312323,0.034707542240939616,0.030170841831137704,0.014351319284875543,0.0341272824503747,0.033452739666403185,0.01446296818727778,0.034238426007496166,0.028986385745382124,0.01592286805903012,0.040702605230943746,0.047376784746987206
2020-02-09,0.013959473270108111,0.011847040295216736,0.0095069803941598,0.011751338681931298,0.0118662257828797,0.009509221098569843,0.016122773313230372,0.011846282320028281,0.009506561520593407,0.009129301276364495,0.01184022379043849,0.00950707116996817,0.013572448866256567,0.011830831831501576,0.015857088647089953,0.014101899617386894
2020-02-16,-0.020438497743548438,-0.008823324151880882,-0.015827134697246156,-0.014617254834314863,-0.009326519119804245,-0.016126081388567567,-0.014083117334132133,-0.008823509743946061,-0.015771249957742952,-0.015670354803351827,-0.008865467764383739,-0.015839245707656262,-0.013073272084773734,-0.009415054351855759,-0.02635035914295163,-0.029602819053172996
2020-02-23,-0.07888306594170447,-0.05275525879768064,-0.054891591051428996,-0.060592796150930106,-0.05280298724396086,-0.054978812801166704,-0.0720901941397936,-0.05275351623465789,-0.054875291799326396,-0.05425075158031079,-0.052750025358609884,-0.054895123573001525,-0.06502283444933958,-0.05278712709526964,-0.09275228259121296,-0.09039495216882368
2020-03-01,-0.006379252567703608,0.022839123788361067,0.014824093871133467,0.02035419827556509,0.02183803729219009,0.013607831227569648,0.023776483355422415,0.022839290663659837,0.015051353701017643,0.015397965192149811,0.022761954974782492,0.014774839027864948,0.027179582796726286,0.021589932723959884,-0.013895673662390267,-0.023617475532458826
2020-03-08,-0.06700839743911918,-0.04943276277072884,-0.025726695267003497,-0.0341663601201254,-0.0472095429597018,-0.02494644692424082,-0.045865770267401414,-0.04943207629711177,-0.025872278080206885,-0.027003433089661487,-0.049263378630407154,-0.025695133980816215,-0.042382096552290534,-0.04701515411229352,-0.06695714132689193,-0.05549989632714705
2020-03-15,-0.09047081613988983,-0.07706442213737676,-0.07623387989352991,-0.07836881401318566,-0.07755600198133236,-0.07321906691302293,-0.06382331702501713,-0.07706726246311263,-0.07679693408453966,-0.08202164869393044,-0.07715965054356592,-0.07611183606800678,-0.08581464979473513,-0.07803538811951201,-0.1350026127735638,-0.1291465034705743
2020-03-22,0.06505999105766844,0.052589447737473025,0.051344525202386644,0.05477415447440946,0.05168727319028804,0.05010457971116725,0.05378708149670522,0.05258998445299129,0.05157699806575515,0.05352081432578901,0.05254547889998236,0.05129417331933963,0.06000826927232934,0.051725873252591065,0.08008088080237949,0.07375971547075166
2020-03-29,-0.0043460110332327094,0.015998601934318523,0.013582496277752073,0.009701398390866381,0.015574349444971183,0.012914595948041006,0.009728502820316143,0.01599859814814737,0.014109196560788425,0.01075694258252978,0.01601215708863734,0.013581760204916611,0.009571205766662648,0.0155802472003794,0.008357138619958413,0.008909014546665118
2020-04-05,0.06333163232926943,0.037154512131807885,0.043042978866386805,0.04899058179044506,0.040234480316430225,0.043485815406259176,0.048992284537280904,0.037154512132354295,0.04270652072736745,0.04568216383866924,0.03728786657104463,0.04304427716810269,0.04913061734825148,0.040231838903129424,0.04278328290763993,0.04899058179044506
2020-04-12,0.04055153286076092,0.03283300237726623,0.0620570733691134,0.08335904995362972,0.03379248404480372,0.06361235980375683,0.0833409533093891,0.032833002379498794,0.060874515418064386,0.07137697029360093,0.03286126618700045,0.06206163506801249,0.08328671320362066,0.03382298534309767,0.07553343539519881,0.08335904995362972
2020-04-19,-0.021381842927604176,-0.018590467285033177,-0.009554555551571867,-0.0025544660592495506,-0.017084925366142496,-0.008606620665830645,-0.002564963082792388,-0.01859046728348138,-0.010277175446360705,-0.005405491572759096,-0.01855157279839778,-0.009551771172950732,-0.0025519574598806944,-0.017092514856591398,-0.0028177102670306577,-0.0025544660592495506
2020-04-26,-0.001304294916786485,-0.012233976380694702,-0.010537329530356463,-0.01907237603467395,-0.007499240177563071,-0.010898894461570406,-0.01906565234829305,-0.012233976381514189,-0.010261239874836549,-0.013642214064909662,-0.011992196888855023,-0.01053839257285583,-0.018942473852489837,-0.007489332578243626,-0.019580152783391983,-0.01907237603467395
2020-05-03,0.020616646876891773,0.012328948239068691,0.03263453687214038,0.035095359242233976,0.017210564957780797,0.03299637617314602,0.035087003390794305,0.012328948240399226,0.032358415717814296,0.03415632345283053,0.012584563890342746,0.032635600333137886,0.03513139471709779,0.01724433409201982,0.030033142004822048,0.035095359242233976
2020-05-10,-0.02656523258595873,-0.013251460252613458,-0.0018506924157418642,0.0016865504615865665,-0.01190620938709455,-0.0015030235007318128,0.0016716145822150892,-0.01325146025056569,-0.002116164036239073,-9.379529220777786e-05,-0.013189908139122838,-0.0018496702446422458,0.0016515312631299702,-0.0118855697333617,0.0018559810828350858,0.0016865504615865665
2020-05-17,0.03075438703147719,0.01110119003460078,0.0027062902262804927,0.004637328987822911,0.00986204792606469,0.0028393838339898963,0.00465378388733482,0.011101190032149093,0.0026046007034174245,0.0035532877615385774,0.011015632451854884,0.0027066816658445096,0.00470803135295139,0.009840799542744123,0.0043717157449933534,0.004637328987822911
2020-05-24,0.023101795720899796,0.021603490023135677,0.00255493357402315,0.0013813317244281886,0.018746719520631706,0.002137667888937568,0.0013840991020297663,0.02160349002345293,0.0028738180412654774,0.0012372727793832387,0.021448112953929285,0.002553706195618431,0.001426196907661236,0.018712211430452354,0.0025326901142237275,0.0013813317244281886
2020-05-31,0.038629052926726415,0.015079851921193743,0.011667000498552807,0.013103635879344041,0.01329976205847364,0.011854057030115994,0.013126014176791125,0.01507985191765479,0.011524152332213955,0.012519249051138196,0.014996872188080315,0.01166755049227263,0.013088481077052854,0.013282176523003078,0.01096227802782743,0.013103635879344041
2020-06-07,-0.025987005921269977,-0.017669583978234232,0.0049214358202199875,0.010543085169628378,-0.015550046718129852,0.005646327612535848,0.010530215942945996,-0.01766958397708172,0.004367682185240796,0.008144980523268062,-0.017558654612084106,0.004923567582858734,0.010451435086330214,-0.015516171823632054,0.009071851693721026,0.010543085169628378
2020-06-14,0.017908073353163884,0.01470680425835014,0.026974395517863896,0.03282387785955841,0.015198964438675177,0.027482968902779396,0.03281784188685112,0.014706804259231331,0.02658539553815359,0.029740904393497018,0.014739879134917535,0.0269758922065958,0.03275829434923247,0.015208626353482095,0.029381167064621093,0.03282387785955841
2020-06-21,-0.024155826142283194,-0.01159572429766166,0.003297710845397439,0.004758996823866941,-0.010792165712641938,0.0036109193241924548,0.0047468229376125244,-0.011595724296164114,0.0030579330242320475,0.004428398203967383,-0.011528731020206196,0.0032986330471012296,0.004630394160992283,-0.010772365849153087,0.0035734266386492574,0.004758996823866941
2020-06-28,0.0452526882331857,0.027869179184008983,0.03409122912247537,0.034393884389471246,0.028610654950252605,0.034478003238340195,0.03335593770303732,0.027870001834544956,0.033733007762569954,0.04098778105534002,0.027889477984657147,0.03408492533985487,0.03467866692444796,0.028614528618540323,0.03907851034947238,0.039532041226387864
2020-07-05,0.0190758819377558,0.013304479231124794,0.03551701606900456,0.03683337091241277,0.013605948236603275,0.036700143572355584,0.03389903308769013,0.013305275441322935,0.034421720318886656,0.04903269340995269,0.013284268129215982,0.0354978799015005,0.03744565030203462,0.01361251877614237,0.05171101812254873,0.05157096636873634
2020-07-12,0.0018873285071354523,0.005867297999129993,-0.035129569847572206,-0.036521526439740645,0.0019022517915966066,-0.036452453303865005,-0.033536513567926474,0.0058680454350628145,-0.03390219571838178,-0.04357344091659839,0.005641942715334478,-0.03510814839310494,-0.036941167722369675,0.0018626670926118697,-0.042236050586280355,-0.041683229707809716
2020-07-19,0.005941327242789683,0.018819089318914396,0.0009017472049213858,0.00026606073202843313,0.014961474221837728,0.0003897900287473874,0.0009097296992215979,0.018819675015664738,0.001375488307165132,0.002996610511692564,0.01859561468638056,0.0009100257809347595,0.00034351522990464016,0.014936646859584471,0.005122972666583989,0.0049625500976187235
2020-07-26,-0.01639550559574003,0.0008930138999340676,0.01803262921074326,0.01844317037558494,0.0009662376108225144,0.018584310035033573,0.01671676915626978,0.0008929144132254591,0.017522632211616554,0.024566456148170213,0.0008980200264617317,0.018023712927493947,0.01877107397726007,0.0009787508769848441,0.025801644547617086,0.02507753252551246
2020-08-02,0.01848015086098188,0.004545239726969781,0.014199149590326301,0.014440374718628609,0.006875912436732503,0.01431146931509485,0.014552813026832987,0.004543947128553504,0.014095208168340033,0.011889142570591918,0.004701412729908951,0.014197333273621649,0.014281369985962801,0.0068917758877370325,0.007133256967740894,0.007130745814967333
2020-08-09,0.011586302220018625,0.006972082322136586,-0.007957180063581518,-0.008023701585225808,0.004993735033789366,-0.008168631349267663,-0.007459852611101948,0.006972284821169385,-0.007761459899569345,-0.007831454041035132,0.006845712147373761,-0.00795376031403295,-0.008126978351479517,0.004968313278665782,-0.0060540325920988795,-0.005824067485717862
2020-08-16,0.006808778295222434,0.0093968987778655,0.017105831805348262,0.017436384017336746,0.010464517365967284,0.017458868560384987,0.01632054902774475,0.009398014168680354,0.01677919365233995,0.022215042747213417,0.009432467641047756,0.017100123465422543,0.017658071362741206,0.01047241534228277,0.022720573348057615,0.023055367666477207
2020-08-23,0.036126712123081564,0.020520886828972663,0.038996927742184696,0.03920715849092827,0.024074941402173512,0.03918031872970546,0.038937748259167765,0.02051983697002955,0.03882713653968893,0.0385641864781297,0.020752546216697067,0.038993961400200144,0.03920468417525621,0.024108788420148734,0.030980876285296752,0.031073976667973596
2020-08-30,-0.023916294038179593,-0.012114298957812415,-0.033758001354980714,-0.03400449331789857,-0.015942773765760913,-0.034044818691113,-0.033454025368105676,-0.012113600884790772,-0.033492363342928655,-0.03363026680420586,-0.012357282521886562,-0.03375336126437972,-0.03408057090246324,-0.015981589646749082,-0.02739931278016034,-0.0274518709759904
2020-09-06,-0.033771545525086384,-0.01952273514821804,-0.03077136714956595,-0.03111288263102644,-0.02003928744556204,-0.031108386603507582,-0.03030155095158104,-0.01952295767613879,-0.030459412486833787,-0.03542675343543726,-0.019551979301036845,-0.030765916541082943,-0.03143958393444137,-0.02005361027458457,-0.03300473853063013,-0.033092389595430954
2020-09-13,-0.0016580382695783845,-0.019417518193408423,-0.018435290681874026,-0.018413539042287513,-0.01913137833188112,-0.01850185943760994,-0.017539274248259754,-0.019418787748820197,-0.01837371401393209,-0.024513188144131802,-0.019374469077570435,-0.01843421445022453,-0.018567744994108418,-0.019126847109693666,-0.025832110557740408,-0.026053322578856716
2020-09-20,-0.01260745349482868,0.0030428617760313603,0.02436763779999889,0.024597570474825563,0.004441950726497418,0.024802057775008754,0.02314656045319967,0.003042444042784773,0.023965848094077036,0.02884253940882941,0.0031381686351747594,0.024360614904380823,0.024865016023576006,0.004468032003954697,0.027267937593788164,0.026594366283861574
2020-09-27,0.01214428059505567,0.007686582317592806,-0.001150693008186664,-0.0013831779131459442,0.006222964789250735,-0.0007605981135983072,-0.0014013015600823036,0.007686532691830354,-0.0005187442383070678,-0.001628538784796772,0.007583599774622306,-0.0011175392589373395,-0.001325635613869676,0.006148287614441878,0.0019996824990350577,0.00020803880140869843
2020-10-04,0.040309935659042374,0.022871803248100394,0.02832912186016276,0.02896339723045028,0.02288162427904728,0.02839098663889496,0.02900083314047602,0.022871818084281886,0.027695873686021284,0.02895382853937565,0.022868868840305787,0.028309522178603844,0.02930984603052595,0.022864946969037944,0.030062287998101258,0.0328355240741134
2020-10-11,0.022924574640511793,0.011041809540962181,0.007121001478383815,0.0065719385513759426,0.01210860026377249,0.006681690312616342,0.006548166936641163,0.011041790006781536,0.007456241771652249,0.006799237853842625,0.011116850195228801,0.007119381252651962,0.006485765897987443,0.012000944454331364,0.005826180188572725,0.004651082793654202
2020-10-18,0.003875424188178003,-0.009370344688718855,-0.010852631230466554,-0.01070799909003264,-0.007074741450687429,-0.010977575010286024,-0.01066961719304132,-0.00937040044978843,-0.011027317761823474,-0.010405547700190858,-0.009232948485196334,-0.010862222613972749,-0.010719032196891331,-0.007184287810939768,-0.01060375530521554,-0.012468361244727293
2020-10-25,-0.038516024978326444,-0.03406275678684671,-0.036599073388877856,-0.03642129554817665,-0.0326876608651694,-0.03636167477851354,-0.03638234691721219,-0.034062815488574164,-0.036573437808790216,-0.036255094464740296,-0.03398926503406891,-0.03659120946099039,-0.03661529306361469,-0.03273593007190905,-0.036043300496773,-0.03914005050090508
2020-11-01,0.06937792141842652,0.0458135775371252,0.05922441000328445,0.05925209977777783,0.047410163512347274,0.05890940973377838,0.05926885881676647,0.04581358616383986,0.058879781755359586,0.05919514650469442,0.04592598484778081,0.05920346898356895,0.05922087312177127,0.047427244816101444,0.06093089108901763,0.06453060658254105
2020-11-08,0.02316497806894307,0.005244685529531499,-0.022854932980712676,-0.024176632819093786,0.0034204326000380984,-0.023217876383367187,-0.024260465115264973,0.005244638814800472,-0.02134667791622558,-0.023599496995712517,0.00512936770867391,-0.02281463939378133,-0.024098022099630505,0.0030396912371529958,-0.024121499197660497,-0.029663608676984275
2020-11-15,-0.0006345481202598103,-0.01093059992710378,-0.013920681235817377,-0.013205974884517023,-0.012331815569975894,-0.013555199435210314,-0.013158328297791965,-0.010930603489720943,-0.014291377882144624,-0.013084237378693974,-0.011033973600769898,-0.013922465199902836,-0.012917732179739603,-0.012471623283577149,-0.012701455793577437,-0.01258441830915289
2020-11-22,0.03009325181219518,0.013433412380612627,0.01612076145995386,0.016625184149379427,0.013473810581181467,0.016191992300611656,0.01666394607820717,0.013433409649287083,0.015683518072482895,0.016711729972427265,0.013430386401933862,0.016108061926005196,0.016859959065317492,0.01339106547121287,0.01757127102822288,0.01902173033427892
2020-11-29,0.00994631574490839,0.001633947192461141,-0.0032372150896813967,-0.00372274342713777,0.0019043138233207895,-0.0033224243955705976,-0.003734525861835531,0.0016339119512212069,-0.002684095076891839,-0.0035269581040064807,0.0016508828487582965,-0.0032210136228340396,-0.003916396927973775,0.0017778667758829541,-0.0027693211688152608,-0.004868877848201577
2020-12-06,-0.001223540113851812,-0.004006325187462681,-0.004543391486579154,-0.004519601448383326,-0.00502254582648531,-0.0047491752977671655,-0.004524533387541704,-0.00400629421445943,-0.004667972668257646,-0.004466614006765206,-0.004064854506742019,-0.004553673127295161,-0.004485856729236685,-0.005102891168874008,-0.006966518238321031,-0.006245321135058798
2020-12-13,-0.0012825136895589723,0.008169005455728962,0.015045569750032847,0.015230311540217669,0.0068860523321300545,0.015065062326003856,0.015216274983899719,0.0081690660374804,0.014741024251692448,0.014913927586414103,0.008096317601241068,0.015035836486298833,0.01529221408450787,0.007022540223326518,0.01421491645359651,0.017297176797561337
2020-12-20,-0.0032310141208522856,-0.003014357782238128,0.006174963497779703,0.006111577100053371,-0.0009895303942619705,0.005548101286961112,0.006115955346371329,-0.0030143343188700172,0.005686174436083931,0.006127400658338993,-0.00287052792999917,0.006139953821010141,0.005913464422725369,-0.0009433242364919305,0.0021219254655023933,0.003565326258175862
2020-12-27,0.009474877772247627,0.008249929883153345,0.004446421945966291,0.004656598622046678,0.006880362317601587,0.004521185496771501,0.008187682148579085,0.008250316966663281,0.004213162422014778,0.004494940956560352,0.008138127483971792,0.004442558816809317,0.008131102437334125,0.006908800131456686,0.011552604925482856,0.009620212378071208
2021-01-03,-0.0011837076005750862,-0.009327069143680703,-0.00924437485034433,-0.009679396207413107,-0.008044163666159808,-0.009401646415904397,-0.011853434799597688,-0.009325882204129478,-0.0087936304124164,-0.009378953939052467,-0.009249704917160125,-0.009235094268506773,-0.011973505715041853,-0.00787372646810163,0.014123624435319731,0.017049613232602245
2021-01-10,-0.01804537347293044,-0.012842636243910337,-0.01752169835254316,-0.01751533599194176,-0.014058997834883935,-0.01752994722265946,-0.0187770423541534,-0.012842947007868727,-0.017498071375913915,-0.017454333561573776,-0.012927081667446761,-0.017521211669209676,-0.018734738471884626,-0.014034304909794102,-0.01889871952117366,-0.021053281402108975
2021-01-17,0.03058793423727554,0.01682655505302043,0.03505424653721368,0.03652880105986572,0.020695191617705066,0.03552006316494505,0.0401917217514143,0.016826779542783665,0.03372006606341252,0.03620441562353383,0.017086315556894664,0.03502676360272525,0.040647768392336345,0.02066226727823576,0.031769033977761575,0.037177448313311504
2021-01-24,-0.008168070445244036,-0.003947637970052826,0.005622312982842842,0.0054612703236285665,-0.0020894659196344606,0.0055564585277999455,-0.00018275385528218217,-0.003949344841348646,0.00581126012387161,0.0055758670962766065,-0.0037696979218449066,0.0056262002126590315,1.1309059479597076e-05,-0.002257924391223654,-0.023645199445208306,-0.023544378939106065
2021-01-31,0.04757111851833212,0.01889225801424476,0.026032352877608057,0.027045125606739967,0.0231858558088036,0.02630348610069146,0.029881128957651243,0.018893638994124964,0.025254624640663286,0.027244613978093433,0.01915752211872449,0.026016349646967703,0.030083420154215546,0.02341456850522873,0.07476451228486078,0.08330946555730424
2021-02-07,0.007269469619187069,0.004879997179456691,0.0017809301438964145,0.0005579633659471802,0.005481965098540451,0.00138700987097648,-0.0030346091777147437,0.004880222605456093,0.002912021100882306,0.0009157374261943795,0.004938850191000679,0.001804187202596652,-0.0033851707618284795,0.00549992521436396,0.010712239751029019,0.012103484617736195
2021-02-14,-0.003221155519902734,-0.006366002380419709,-0.008779741087917325,-0.008530469639516678,-0.006688728484706407,-0.008720794154468354,-0.008609418214957691,-0.006365891856477745,-0.008948742187665455,-0.0084361789370319,-0.006397584147650927,-0.00878321986639022,-0.008540747322163287,-0.006600098790210617,0.0033328174091517594,0.002611868148866128
2021-02-21,-0.01350844437127998,-0.014663553206506441,-0.022874079653895492,-0.02349290533417423,-0.015437127986120631,-0.02310725775567211,-0.027578201944063775,-0.014663627422125682,-0.02220540331425776,-0.023061617942355984,-0.014712625911691257,-0.02286031768142164,-0.02771462830584721,-0.015314290215653037,-0.005122276106205741,-0.00643920065479767
2021-02-28,0.02372223637834503,0.009832233699586178,-0.005839886037345257,-0.00705439287904909,0.010084628654736204,-0.006285548794664199,-0.010510523526841994,0.009832776881143541,-0.004563053953849008,-0.006269104515546459,0.009844933226970812,-0.005813590049084974,-0.010974501463009679,0.010295767871762573,0.04461524047906654,0.04727805005936822
2021-03-07,-0.004990621056467895,0.00958522002041493,0.012672015709493285,0.012845544832677436,0.008514832988751645,0.012782849917414789,0.015579159127153075,0.009584307505476683,0.012355023114779304,0.012338535122599938,0.009524115461666595,0.012665479126625748,0.015635092865557858,0.008253719578476728,-0.025640991163899736,-0.02680897635801124
2021-03-14,0.007378609718525128,0.004935563683537348,-0.009829059959819256,-0.01022887344940717,0.0023268391279310328,-0.009976065397151457,-0.009132359142564418,0.004935643781994577,-0.009408437761601628,-0.009986116199041148,0.004740208980164627,-0.009820389129864708,-0.009403876027264583,0.002435205948875508,0.017065893241042997,0.014109187060364013
2021-03-21,0.008495917584674325,0.011810163755032656,0.010612508570808,0.009728512203302075,0.012355307215250813,0.010339548915342962,0.007109207139756022,0.011809527667427247,0.011393072217443125,0.009878159306131375,0.011874175007815142,0.010628606034030376,0.006880064121933477,0.01223243935321476,0.0005488315161875806,0.001884914452069611
2021-03-28,0.0170098028463568,0.005318163959489705,0.011323959579137182,0.0066793875345635845,0.006799120139207282,0.01270684989795486,0.009813024066128998,0.005318319924211774,0.011008035160276135,0.010962653844446127,0.0053940729894930385,0.011380862998424933,0.013048631947625556,0.006836298721724827,0.02452254848574218,0.02984057826594777
2021-04-04,0.03549174592559325,0.019837095667635352,0.02771460388588329,0.02106328780530248,0.02160565475595683,0.029115535718169595,0.025883169675822035,0.01983732170814282,0.027172382915720023,0.027397273356460607,0.019937713941745365,0.027772502259470512,0.030538192997164034,0.021590656803717793,0.03802667475542113,0.042530575236551404
2021-04-11,0.004336099772085555,0.004572188852557878,0.009798136156070567,0.0097695955659197,0.005381107895441064,0.009470560218149878,0.009499847599701882,0.004571939658327156,0.009811221865104474,0.009774878322092558,0.00463297210807717,0.009792993917195314,0.008445823273582778,0.005344949308949047,-0.0011170298898892424,-0.0025937044130047563
2021-04-18,0.0033341307803795425,0.0012734147452096256,3.718439086151617e-05,0.0013903756143395873,0.0019140816373167146,5.637623879007611e-05,0.0011553039684647868,0.0012734620318704617,0.00020852807902994148,6.446503350324194e-05,0.0013231705375225077,5.1742976920687866e-05,0.001566064619527189,0.001960795332085876,0.009428108347892476,0.009055774513225784
2021-04-25,-0.0014575409809477005,0.005650249873858119,-0.009603754899247665,-0.0059044756264431605,0.0023473257685338593,-0.008188101140541224,-0.011466739167382362,0.005651252950237634,-0.00979819096651617,-0.0098334483300661,0.005381740075529326,-0.009600322587348886,-0.013188802579387177,0.002280399651078328,-0.005896335007988416,-0.004168601852110848
2021-05-02,0.0018529907699847597,0.002732204765346969,0.0008739666996080463,0.008604701856373189,0.0038050779921236576,-7.462591313339316e-05,0.003929192654983321,0.002731945477661982,0.0015528909981739835,0.00106099700466803,0.002830688057454428,0.0008695429037100751,0.0010638078782207899,0.003886488192507938,0.011251623687969305,0.0067578676232062625
2021-05-09,-0.007694030795774888,-0.0006024243950015586,-0.006417228320620512,-0.0009386884969816382,-0.002151441782232408,-0.0075751613078568715,-0.00541450610133192,-0.0006026090108796752,-0.006090252322302189,-0.006155859151073226,-0.0006911705753010903,-0.006468104752278488,-0.008719452565664702,-0.0021679935029796354,-0.010321576474590952,-0.014567726432714872
2021-05-16,-0.0013450656202866548,0.0008045409806196617,-0.0029901841516239134,0.001288367967009733,0.00021060918687329034,-0.0028894239936529307,-0.0026343311723346233,0.0008046712168552962,-0.0028015110315688626,-0.003021905126444421,0.0007568416454810235,-0.0029929037804557815,-0.00474275151455086,0.00022471111954451214,0.0014580158828216624,0.0008000152666533358
2021-05-23,0.018704638537095218,0.005530783730774548,0.009186891886861089,0.007371625652417526,0.0067923309592903165,0.00971375671695477,0.009858572614449997,0.005530750042874101,0.009125938976372998,0.009132556315049091,0.005614129267245406,0.009222033303054747,0.013109003252574018,0.006889151030845909,0.03402756560225648,0.03745550319879065
2021-05-30,0.00488089592921911,0.0048505146022848125,0.0030681912986867724,0.005137892383923431,0.005240823498933999,0.0032417819566052763,0.003585504641982571,0.004850659692162215,0.003201951687697702,0.003025222850472085,0.004876680332268839,0.0030818388415514634,0.003022228048971848,0.005248292065446971,0.006208864605146056,0.005353691737150065
2021-06-06,0.007458584817106502,0.005061630434513491,0.014140720061616397,0.00954285639555957,0.005831516261893383,0.014437308713779629,0.012025843998577541,0.005061457565736243,0.013758352456139702,0.013957778990079283,0.005103834826259218,0.014145974340722043,0.012618682424524085,0.005757060091342874,-0.0018747967515649454,-0.0006074156160839495
2021-06-13,-0.01563976511600388,-0.00985785601811529,0.000513612544653231,-0.00696040411224279,-0.009691775243581707,0.000829461559237946,-0.0029475683911084644,-0.009858040392315099,-6.26907960131649e-05,0.00028005393974651167,-0.009863841172380754,0.0005048315388749744,-0.0029985278434292674,-0.009832809757197018,-0.03631153836707472,-0.03453040368347386
2021-06-20,0.012604666831599623,0.006875091500328367,0.011401730932330729,0.016514029566375057,0.008737661063908556,0.01089255524743698,0.013460190048475852,0.006874726199539044,0.011857557174163098,0.011443181752139634,0.007016946815649077,0.01141327262483669,0.011762734693642342,0.008820269508746393,0.023841219538968887,0.021662784165983287
2021-06-27,0.019774806202417013,0.009611649932515055,0.01877593964332997,0.01322467708447716,0.011520997092023033,0.017197664783385202,0.013774175857450862,0.009611724690708649,0.017515059936880767,0.018905290717578845,0.009756917835811929,0.018804928828314787,0.018951396425877856,0.011509274487865564,0.01941432387143627,0.021061112900947365
2021-07-04,0.010002548527586048,0.013486402298289932,0.003375385448919313,0.007370079552902851,0.010606309677167644,0.004829598859606661,0.0056576876282174015,0.013486324445906452,0.0040170100925944665,0.0036963753519403376,0.013269678574059238,0.0033623025578728566,0.0035069656649438924,0.01050515390585363,0.0068895037896827905,0.011952613181195748
2021-07-11,-0.007904155161738367,-0.002744533166510052,0.00742424429401634,0.006746241810856011,-0.0004073015787879196,0.006254018463292703,0.00934899981740361,-0.002744470343935765,0.007194692749415182,0.0063622996951575445,-0.0025614519201801935,0.007417790082344994,0.005852473528089354,-0.0003245706135589681,-0.007570881855839729,-0.009921637182155517
2021-07-18,0.017050674589285813,0.006569662450035584,0.014230876869079563,0.009569772618923469,0.008729797965988672,0.014670762979676087,0.010614389151122726,0.006569632623446436,0.013820407915224793,0.013449687153225774,0.006713771208308194,0.014281425941627002,0.013596999307151974,0.008771225976932561,0.018598698720713246,0.019177495541905697
2021-07-25,-0.013386850318062079,-0.015563203886367309,-0.0066678076011052285,-0.008861657036093706,-0.01222881391009659,-0.007098408677343512,-0.005896363366895458,-0.015563175143543481,-0.006598039794012025,-0.007683090947811851,-0.015319749628002048,-0.006652354403249711,-0.00760918168659217,-0.012048501203408318,-0.008164150049850048,-0.015541398262388827
2021-08-01,0.005247435570846532,0.0008237510483229469,0.006244900495133552,0.0042411405212305995,0.0018834101770728747,0.005586453377048368,0.004774770206404573,0.0008237977430395203,0.0057944553206228724,0.0061883892442878875,0.0009011988436049753,0.0062537602530530105,0.00626939902165816,0.0018875028974106927,0.005751796255195694,0.005831131813337756
2021-08-08,0.004860850987618655,0.001978976213842045,0.006148978993621252,0.004472970639595555,0.0033733953585998377,0.005670638420541731,0.005799766435660711,0.001978984429878608,0.0058974332433084295,0.00582710914202122,0.0020863253756530694,0.006159315126954939,0.005808202997536512,0.00342655016790866,0.006266069239733505,0.0053763028527373125
2021-08-15,-0.008592874177639022,-0.007972517600403588,0.01703859685540282,0.012147292895748465,-0.003622945794976125,0.013534956347682479,0.01453098784098401,-0.007972256708987597,0.015492878082008398,0.01627959025551376,-0.007637912222901534,0.017031421784863842,0.01591338919851461,-0.0035955688108632805,-0.009395038224198285,-0.012118228359914864
2021-08-22,0.018412689700268655,0.006233794043962194,-0.007130411050619645,-0.0081013336180625,0.004813671659231473,-0.003019464459745287,-0.009582951353457887,0.006233518843493696,-0.006032915294141071,-0.00745610272306933,0.006088695200681293,-0.007062511527652124,-0.0068776748267520196,0.004838236508032233,0.021041249904544295,0.022906346583526915
2021-08-29,0.005223580083297049,0.007693273740773744,0.0040629347711929106,0.006613783955469092,0.006102964920735768,0.004485472933417631,0.005771340317214035,0.0076932704515980145,0.004312163500498827,0.00425129976663593,0.007573197284040078,0.0040478762055625684,0.004086543072414777,0.006030195130399013,0.0030755956830508745,0.006128153730775838
2021-09-05,-0.019088438426564984,-0.013928857457855643,-0.011093083064288986,-0.010730314848034609,-0.014129180370318933,-0.010824293862209566,-0.01205062490095464,-0.013928809982758094,-0.010978998636654445,-0.011269783549057354,-0.013956531914452192,-0.011097545186444131,-0.0113235057442858,-0.01417082509046437,-0.020849364626032922,-0.022259225004867045
2021-09-12,-0.0024095360498020213,-0.0027761615345744737,0.0058745588971867106,0.004235350212325651,-0.001410637378501886,0.0047922912007091435,0.00481807841480415,-0.0027760682123165762,0.0053548304480931334,0.005640817836432217,-0.0026739734543439037,0.005873141665612812,0.005539700135884005,-0.0014147412355859936,-0.00292992009067487,-0.0035072880300042243
2021-09-19,0.0029266570909959075,-0.0031494676867253827,-0.001728345381519287,-0.0029409678649697612,-0.0023890235157386346,-0.001374509667480765,-0.0024942069620352445,-0.0031494757361463376,-0.0016889198661134688,-0.0018485368692964512,-0.0031032829335573596,-0.001712045840345788,-0.0015903057867965133,-0.0023502987587278486,0.005173762125753656,0.003806916238150344
2021-09-26,-0.019675657937533036,-0.016121696399551865,-0.019320041210251437,-0.02503205792734347,-0.016621570809070244,-0.019344633501254482,-0.024718127875727913,-0.016121722307310373,-0.01896260358604596,-0.017697271197459227,-0.016153984519271563,-0.019310469080930488,-0.024775848709085724,-0.016673378976713536,-0.027476215230866168,-0.033614005001194
2021-10-03,0.010672299157477014,0.0111434475544241,0.014031462916530398,0.014291626866278734,0.01157032657522809,0.014330612366799722,0.015182890371876295,0.0111431409995522,0.014548629398219897,0.01263731829514465,0.011174140037787052,0.014077152370566226,0.014892920070681681,0.011627996227868424,0.01612411171512738,0.018414612769773665
2021-10-10,0.016079517247790772,0.01236306544230875,0.01365535959808785,0.013913322579164071,0.012454264067027893,0.012812026507147816,0.01368895519294223,0.01236340760136673,0.013050147515358398,0.015016115960004812,0.01237620236587912,0.01356796555633431,0.013733657516108473,0.012436624404955493,0.017760469303626555,0.020424868393650923
2021-10-17,-0.004043555965183852,-0.0017607800300068065,0.003981481169325899,-0.0036228589205886293,-0.0009774843876497372,0.0025503796453998726,-0.0029959410710181907,-0.0017604617721487708,0.003708223556003376,0.006583289767912164,-0.0016914367747448101,0.00386990229473496,-0.0031762596129554102,-0.0009861458723861112,-0.004501756165263751,-0.005237792947175445
2021-10-24,0.016687089240720935,-0.0033537581782119175,0.03188399054497166,0.0479027863212607,0.0031287671491793886,0.030962624034859075,0.04540153714762494,-0.0033532496270822134,0.029213447195335977,0.026174564799359333,-0.002915206189925036,0.03169104156996912,0.046190303986330984,0.003557928389846303,0.043182880156009865,0.058787571754771846
2021-10-31,0.016771987738341727,0.00957971826542738,0.006550983502645157,0.007082625374828008,0.008712651513680692,0.00616288172544514,0.006739001362760333,0.009579864368403442,0.006190877876059999,0.008478902812240043,0.00951468182544601,0.006506925833193356,0.0068273687583715525,0.008681448092962979,0.014379817775487079,0.012245279921654747
2021-11-07,0.0017737201647000484,0.003958625159009646,0.0011608853524190078,-0.00017554359927244884,0.00348671602799365,0.001144770617661447,0.00018770059882499562,0.003958624614820061,0.0013964555942606064,0.0015455514246145185,0.003930841133906843,0.001171194825345021,6.974286710734065e-05,0.003439836575113864,0.0004884095309912941,0.0006742625286890545
2021-11-14,-0.0029481894344791006,0.004343841140323158,0.008666461933638715,0.007346750916038448,0.004255499881406973,0.007984595732105337,0.007319826931396293,0.004343743068195707,0.008325322328775451,0.009120863848524254,0.004335922376030331,0.008603204541211065,0.007231250591629534,0.0043620207445509325,0.005327976739255113,0.007718082493697557
2021-11-21,-0.02426875419337197,-0.01225196155368707,-0.020316563912817626,-0.027750500299803253,-0.013531042935139244,-0.020224608721308993,-0.026959680518380817,-0.012252014720838162,-0.019507636419130323,-0.01882607985587992,-0.012330479587739258,-0.020271074663616055,-0.02717851042851625,-0.013671575088116079,-0.03319118860220147,-0.03744485005599762
2021-11-28,-0.016128667426216554,-0.005904489912773826,-0.007635848545413762,-0.007926367535714764,-0.005968440573810206,-0.006737353038563881,-0.007291912958322373,-0.0059048673117234616,-0.0068165654848267926,-0.009927223121345887,-0.0059072739579753815,-0.0075345894293432185,-0.007489531394445329,-0.005963031129412228,-0.014630458989579573,-0.013239316737757564
2021-12-05,0.032722550611829916,0.01901616932030971,0.032187276233457136,0.03461219802071595,0.021395114892258326,0.03133447808241891,0.0348158295132713,0.019016399298914993,0.031531140866355,0.031736453397835526,0.01918694297950453,0.03209698735802078,0.034772323255129224,0.02151529899327805,0.04166886492820092,0.046579098186485715
2021-12-12,-0.0248995985521809,-0.006135654676197144,-0.025861340912431707,-0.032658973176948304,-0.009858546865493567,-0.02483869991590243,-0.03155850193711458,-0.006136144065519472,-0.024284335916652557,-0.02451892464268536,-0.006393278753937032,-0.025714822073677607,-0.03193318253493536,-0.010062139745413605,-0.036390810855512296,-0.042781289084888645
2021-12-19,0.015611609165107447,0.004878901186281631,0.017541936809459847,0.02315388470775564,0.0072177978278642856,0.017337224230420167,0.022649088887984743,0.004878975278816236,0.01682821483982157,0.015529117575975731,0.005036534880525129,0.017493240243141393,0.02282027363161489,0.007377646242979843,0.025218045746077652,0.029945501731469863
2021-12-26,0.0018099784180113777,0.002920566703055838,0.001436110408613844,-0.0023477379315453234,0.003106617442456743,0.00017221128850064158,-0.0031303163818675993,0.002920606389322662,0.0014114849422649587,-0.000129353598223319,0.002895420840694034,0.001352339732346419,0.0014210891235077285,0.003101232242322825,-0.002616371947977308,-0.0024390488863332478
2022-01-02,-0.00677028053080074,-0.0021638923394060715,-0.03268975873668234,-0.0267590483145977,-0.006814981615890936,-0.030518471762631737,-0.040962290314881335,-0.002164038768362975,-0.030199866418737294,-0.033638248659421305,-0.0022856375944506186,-0.03229984194911149,-0.027261003205904397,-0.0068026907544390175,-0.035535808161930756,-0.031965244284050245
2022-01-09,0.004710409489352217,0.002000187314431182,-0.0021042037501014825,0.004341333165145769,0.0016231337867223044,-0.0006169293179827452,0.001382587492060826,0.0020002028793190533,-0.0013327482236183616,-0.0027285586301491454,0.0020495921234980783,-0.0019199399089796978,-0.0035134498046231573,0.0016222883116322332,0.003931175023184951,0.005518105308304924
2022-01-16,-0.04606787377646238,-0.028395675338965164,-0.027547961739537413,-0.04401991201056799,-0.027101013759807564,-0.029601010284793415,-0.036507318516970394,-0.02839552876803869,-0.027694724850144983,-0.030977099477500082,-0.0283698728416074,-0.027696487417855634,-0.029755541875515757,-0.027098215288636845,-0.04719443293877225,-0.05466480835730605
2022-01-23,-0.008286660442580555,-0.01337278188844144,0.015527794649696709,0.009304099994982558,-0.009471416280231081,0.01361801189610091,0.019744808191550705,-0.01337283551574518,0.013716243166169692,0.015803854141044193,-0.013270363930514084,0.015218061406425856,0.011159682893363327,-0.009486444601594694,0.014933378748074405,0.011011283272259082
2022-01-30,0.034630648553057135,0.019576964543494564,0.008165055889362952,0.03600261961496026,0.01709449723622077,0.013557133550616962,0.020521021928816364,0.019576742552228993,0.010323527199136352,0.008745767517117035,0.01965065449963642,0.008754062914086971,0.006278479573578763,0.017088489096353066,0.03516787475944493,0.04505228996157177
2022-02-06,-0.020318841932117773,-0.006493018945713439,-0.021131798042534542,-0.022378452122219412,-0.008962422889647992,-0.02118812674045404,-0.03346351299865128,-0.006493274360996851,-0.019995297082707284,-0.023851500210508445,-0.006616768610901312,-0.021028795425479963,-0.019160012294312575,-0.008957274862279603,-0.029714193106621965,-0.027000109746664478
2022-02-13,-0.02644472925453247,-0.01782896404010441,-0.013042734816262596,-0.013762079882411795,-0.017857368118229997,-0.01243900067707994,-0.017043992861342127,-0.017829274898475595,-0.012641172106325711,-0.014742278860480391,-0.01782265499650527,-0.012962842903594535,-0.015289783461651427,-0.017866233021821363,-0.0174877013219336,-0.018497803162125383
2022-02-20,0.021696224162032318,0.009810240988341499,0.016909508075413908,0.01657561691252315,0.011221042612776667,0.015778307477228876,0.020747033125101188,0.009810398885607231,0.016193688152656694,0.017968902907672175,0.009846853482855952,0.0167612012001177,0.01730017766347871,0.011220803175293977,0.020982789042480254,0.021273286620180475
2022-02-27,-0.02086595120343787,-0.003997379958415377,-0.009092111702378895,-0.008598377555576641,-0.004144064294846549,-0.008598992155577405,-0.013615066496588042,-0.0039974397034926445,-0.008318375589689954,-0.013649467342591117,-0.00396562664582553,-0.008970814813813932,-0.014097866941887308,-0.004144836718431322,-0.01243922639775942,-0.011351006865209571
2022-03-06,-0.013935664282072824,-0.017764714325819993,-0.018688222636966612,-0.019156565526406717,-0.018302121096548295,-0.01761076064362828,-0.01715503974641434,-0.017764767018982195,-0.018245988457254433,-0.016972636843646572,-0.017755278316481923,-0.018573463172122124,-0.016734782086287415,-0.018303843784253482,-0.020453156649971032,-0.023541880159409764
2022-03-13,0.043636083047568316,0.028242970361379207,0.03323371610555334,0.04357056007166618,0.027966172179983876,0.03285484231292409,0.036834188145966056,0.028242822999347245,0.032483368828001596,0.03551630624441799,0.02817701121516563,0.03312307905895896,0.03538274391160151,0.02796398395736156,0.04791336233816843,0.056227315167272925
2022-03-20,0.014620894709541647,0.013167861598049033,0.00910536191610879,0.02110345714868625,0.012785941507796808,0.010821434733440317,0.014774227951197202,0.0131678717385017,0.009677500313816728,0.0077609921027837325,0.013217187925128299,0.009288976188350413,0.005604333484003587,0.012784880046385862,0.02225602301690669,0.0278475187939646
2022-03-27,-0.00039354929301133317,0.001500697447325236,0.0069772733015460945,0.006187499426355266,0.002070676129832072,0.005982443336829273,0.005166859392423194,0.0015006471931678783,0.006865744048928519,0.009485334712323584,0.001540195221416375,0.00689122462656729,0.005750199008883469,0.002066485938147303,0.007569614225827805,0.005530711142972393
2022-04-03,-0.021514925290578534,-0.005559846895595142,-0.013796749302442455,-0.016666877084950536,-0.007186907082084201,-0.014577222621815959,-0.018934716941948038,-0.00555988663171293,-0.013544866430812274,-0.010261586175267783,-0.0056584175302299405,-0.013798030116570298,-0.016586054538731514,-0.007187465949784142,-0.0184014032867791,-0.0205310198909803
2022-04-10,-0.016359471214735397,-0.004674829914209274,-0.01959813529699737,-0.022907244980217227,-0.007873600512853584,-0.01914302802766236,-0.022622797316419332,-0.004674848509655377,-0.018948696430708345,-0.01794134591964635,-0.004887716536872428,-0.019457384044821672,-0.022903572225392875,-0.007874576588628265,-0.020530717906956313,-0.01790638784172872
2022-04-17,-0.01972206108991324,-0.009372886365214122,-0.01502101973445935,-0.021066097983867587,-0.010154821427335581,-0.016189586809266597,-0.02261005515111548,-0.009372908117874139,-0.015097189516434736,-0.014629480401696263,-0.009412759423241643,-0.01510994512140413,-0.020977206717079498,-0.010152119013883115,-0.02121007952805584,-0.021969649260875437
2022-04-24,-0.04980088263297611,-0.025161530539619305,-0.00039324998549049956,-0.005393495634943048,-0.020715811252350946,-0.0038078292104352113,-0.012717350949148679,-0.025161641041108938,-0.0013605901699775124,0.001852683106012541,-0.024840998977808608,-0.0007648531808475598,-0.005264783076355656,-0.02072234589044673,-0.016931150109417255,-0.02825380210665533
2022-05-01,0.0032129558323638844,-0.002798813759443939,-0.001753895811552449,0.0008253376942255317,-0.00132877425733305,-0.002268785162567895,-0.002870915578207024,-0.0027987690050317315,-0.0020987562875032046,-0.0012809451744679949,-0.0026970552615265537,-0.0018321554991421107,0.0009692441976239586,-0.001322396543607468,-0.009100524025292751,-0.015357539019442628
2022-05-08,-0.013576886062633107,-0.0016826076053564156,-0.012247644845931912,-0.010526342383309581,-0.003287775074359005,-0.010999415178747207,-0.010722788783610371,-0.0016825591721626528,-0.011810189242232857,-0.012749381062905608,-0.0017991706069772787,-0.012085687583214051,-0.010507033931687403,-0.003284925891153887,-0.013832948651144877,-0.013115752807102043
2022-05-15,-0.03756603265190388,-0.03353235591434778,-0.031879780271951486,-0.04443989734744358,-0.03274967310477691,-0.03223012583439762,-0.0446113706988054,-0.033532329560727665,-0.03223655891982814,-0.04147571372193585,-0.03347804885179419,-0.03197053584286233,-0.044422999830447736,-0.032745203848938566,-0.04630119688460679,-0.042663904981979334
2022-05-22,0.04331754458659435,0.028329907377767412,0.033453056293428755,0.035892648134592274,0.02908361791305465,0.032430992915747504,0.037399905768305174,0.02832987730038807,0.0331125432987055,0.03663776599491237,0.02838836676887221,0.033319800775179015,0.03588074931302332,0.0290832032891349,0.04277074467085114,0.0425702607089007
2022-05-29,-0.0023111846105670817,-0.0026955355604934023,-0.0060848251316966105,-0.004075976739708366,-0.003672211549756662,-0.004542154222386602,-0.0010579215406470773,-0.0026955050230805166,-0.0057387988400511,-0.008172781338124734,-0.0027741874764423257,-0.005931682546112183,-0.004179934905044171,-0.0036732574475568623,-0.00025861963286070815,0.004520852323254537
2022-06-05,-0.04189853628760688,-0.024297515553892923,-0.01983708354322966,-0.018217372293191716,-0.023899841741181257,-0.020109725562418863,-0.022340468581318274,-0.024297566691048475,-0.019621394655710663,-0.01621252521038562,-0.024268528158499426,-0.01980071254338551,-0.018184310539935362,-0.023906654141161995,-0.027116522296538527,-0.03302278446377286
2022-06-12,-0.03544360809509091,-0.024092373451698162,-0.017046588286353553,-0.022810523932955365,-0.023250835183286515,-0.017322602139706853,-0.02318461555671281,-0.024092404668223655,-0.017158937556525276,-0.02058048790823205,-0.02403494533229169,-0.017085944283876678,-0.022855615346463697,-0.023254766450590138,-0.02367024734588705,-0.022575976018367763
2022-06-19,0.05558563666698512,0.03821230302780497,0.047232139411818204,0.061152361915717685,0.03936643436611731,0.04762259486763266,0.0626962382461021,0.03821228409291624,0.04722518653983521,0.054411802415754676,0.0382841174382725,0.04725771704016872,0.061075414982628654,0.03936099244602317,0.06457420576863547,0.06170291953504463
2022-06-26,-0.0372679935310785,-0.01660884948437719,-0.020812493646873337,-0.026235647507831278,-0.01743843639092623,-0.02342297531995673,-0.026291942800097296,-0.01660829698128564,-0.0206645058480942,-0.026492959615807915,-0.016592350686596525,-0.02076155925826205,-0.026236078714327603,-0.017590057940592926,-0.006101732373444095,-0.00831387468611897
2022-07-03,0.02383830887328328,0.005693819926183488,0.022394117802159944,0.02844241420870571,0.007937353764881857,0.025240045872294496,0.02842569856613754,0.005693661872025207,0.022219009837346246,0.02842526270561615,0.005736767681315308,0.022335543385485317,0.02844241420870571,0.008067086624561941,0.00023438072050918721,0.003551503722367998
2022-07-10,-0.018970282583515383,-0.0048150036488304945,-0.023717932136445418,-0.029571438377917595,-0.007497063000732072,-0.02633652728093593,-0.029559522569406867,-0.0048150062531438055,-0.0236284222351987,-0.029559211859417373,-0.00493098122380709,-0.023697159349796063,-0.029571438377917595,-0.007504958654036807,-0.009874976527518106,-0.01221769089059152
2022-07-17,0.0244736108221819,0.017431320587629008,-0.004236271883321299,-0.0050601854867093786,0.013944107392348408,-0.0045596747503295525,-0.0050133388297206845,0.017431179212807645,-0.004187029721800432,-0.005012117297761585,0.017286064309241806,-0.004188192689369654,-0.0050601854867093786,0.01405365369094757,0.0037521727364548535,0.0054656574745716655
2022-07-24,0.06706908984346723,0.04416489852372986,0.042139105011505945,0.05282469158482428,0.043667195963114934,0.04660785880799497,0.05284234642596866,0.04416479614160831,0.04210211277753286,0.052842806755738596,0.0441335503321049,0.04214301643167573,0.05282469158482428,0.04374689840203,0.03777332012573893,0.03958805895316563
2022-07-31,0.012833252460404652,0.009244848723635362,-0.00010571901934312725,0.0017211952699391975,0.007899874216618178,0.000719761716645002,0.0017237508718686613,0.009244621182030918,-0.00013008706034843965,0.0017238175051165722,0.009163777401675005,-0.00010648050539961305,0.0017211952699391975,0.007996513759913367,-0.0010421541311273494,-0.0009044649058276471
2022-08-07,0.027724366803414377,0.010920019766304091,0.012837962086419784,0.01596689267914974,0.011828613012439938,0.014383090159572438,0.01600153380367377,0.01091928660332355,0.012762032154628731,0.01600243701343004,0.010960118149534428,0.012837912485264355,0.01596689267914974,0.011903340502343002,0.0050851763921213175,0.0068230966035356866
2022-08-14,-0.020383563279238105,-0.009909747469683731,-0.004763952573108503,-0.006269399588220117,-0.01000419789234712,-0.005777507607183492,-0.006282693952908607,-0.009908645269935228,-0.004638330584784743,-0.006283040569249018,-0.009885023840247961,-0.004751730893164504,-0.006269399588220117,-0.010182422064510428,0.006646391499280345,0.005713203370379705
2022-08-21,-0.04656207866774003,-0.03616439561658537,-0.027255631405895694,-0.034215992567140904,-0.03616602644152753,-0.030411080712198012,-0.03421435425078554,-0.03616306113306083,-0.027175939428505068,-0.034214311535317156,-0.03616102899311642,-0.02726386153100043,-0.034215992567140904,-0.03629576115008281,-0.022371251777596794,-0.02042764120916859
2022-08-28,-0.029850836871360656,-0.02199552551518252,-0.01734142820422196,-0.022187885898727947,-0.022034092878497613,-0.01942788988738426,-0.02219736942851228,-0.02199484775668006,-0.017335429214396583,-0.022197616690105212,-0.022020067083399646,-0.017365666909343522,-0.022187885898727947,-0.02205980367031848,-0.018406488463064443,-0.017328398701108742
2022-09-04,0.021202570479839568,0.01166285891011199,0.012343312515929218,0.01635607577416327,0.011533532042052526,0.014107989993779275,0.01635960189323561,0.011662811387834676,0.012314364566727602,0.01635969382973132,0.011658186463374194,0.012352114466150095,0.01635607577416327,0.011587760585060666,0.008212913348185509,0.00980107959704364
2022-09-11,-0.05904411443585633,-0.032348557064546764,-0.03564425575238618,-0.0440908227942722,-0.033000596287465156,-0.03938001820908883,-0.044126593965289625,-0.03234806445176496,-0.03556801462896503,-0.04412752662364181,-0.03238085558789705,-0.03565292568473574,-0.0440908227942722,-0.03309296722970259,-0.026423385302968436,-0.029552168754414583
2022-09-18,-0.027642187234778123,-0.016220694849581486,-0.010661546205598922,-0.012446143183690852,-0.0153482900110774,-0.011726876841980597,-0.01245479338315263,-0.016220195302307776,-0.010558570913765785,-0.012455018927643668,-0.01614787286121439,-0.010655179229304375,-0.012446143183690852,-0.015541049576467762,-5.020323492549005e-05,-0.0026937217588919463
2022-09-25,-0.019752935315727548,-0.00991973311198308,-0.01863309085751331,-0.013916876259297845,-0.010673829354784474,-0.020409353812841566,-0.0231001255409558,-0.009919697857757013,-0.020447575828841623,-0.023031240994000945,-0.009971277660483453,-0.018605769438908855,-0.023076794175638033,-0.01067287145772871,-0.01058032586240519,-0.011012751886852308
2022-10-02,0.009320149262732048,-0.0033485495136656006,0.005322004312279532,0.0033321468072295708,-0.002621779226012693,0.007343533746819096,0.01242586577932661,-0.0033485495136792794,0.007289272127608869,0.012368843940587643,-0.0033017305449905537,0.005294440591470027,0.01241449020292726,-0.0026082363613815613,-0.0021409374904411294,0.0014138869087811034
2022-10-09,-0.0004530068815327328,0.0029165137941639728,-0.00801059693915442,-0.006207614056432255,0.0030753579508490665,-0.009251178434460869,-0.011945810252100167,0.00291651379409361,-0.009217943949051554,-0.011889792615992708,0.002928857806598597,-0.007993647029250716,-0.011949607199677022,0.0029900027951830013,0.004752588694843547,0.0017891166143142296
2022-10-16,0.05024547106527553,0.026969897295180442,0.03822677425019592,0.029450351347400153,0.0259337220618939,0.04103003353266048,0.04350615048163031,0.02696989729527303,0.040954844269467425,0.04337902848634838,0.026896250100248598,0.03818852222130709,0.043488024268772955,0.026066353744124172,0.019684532389062693,0.022960416978498377
2022-10-23,0.0016004444548426769,0.012706768336151312,0.0056277790213692235,0.005294019430575045,0.013264492713860047,0.0026044116979768647,-0.007439997744554984,0.012706768336007836,0.002685292194534287,-0.007378407386604245,0.012755815680238156,0.005669147462598487,-0.007461326397711465,0.01298108843288135,0.024949968850303088,0.018820541623818555
2022-10-30,-0.04061154504586777,-0.032486119351273615,-0.05314624581836545,-0.041869879147339875,-0.03254227065158694,-0.058676636559872986,-0.06830117152225551,-0.032486119351318,-0.058528254523205536,-0.06810386936116913,-0.03248432027851258,-0.05307080462610195,-0.06826305391758182,-0.03263328570394283,-0.029322894902785994,-0.031030049802172277
2022-11-06,0.05875730644482695,0.017707697717491984,0.03721601487634871,0.0300292550553211,0.021190563231849122,0.04315662621711799,0.05724312512839518,0.017707697717380223,0.04299632668102173,0.05710286339493169,0.01792555579341725,0.03713545752146675,0.05721270363616554,0.021516300484993776,0.004166563567843232,0.00430184393993429
2022-11-13,-0.015496005997785507,-0.009695211204125125,0.002231908599178333,0.001086165719787968,-0.00852442069027623,0.002978335895507179,0.00459309345387518,-0.009695211204193891,0.0029583061665111182,0.004551242226780827,-0.009609872023918997,0.002221727946779231,0.004573946131888459,-0.00870961953462163,0.0031655628254817526,0.005002553220539045
2022-11-20,0.01956893779303334,0.01833002840070137,0.028919798542371512,0.022751357205324948,0.018323141446103173,0.028874568877093356,0.02410620478832535,0.018330028400682968,0.02887578169689843,0.024045138802926656,0.01833599988923589,0.028920415903397355,0.02408273160793578,0.01822693402276798,0.023668982371537185,0.02204785275940293
2022-11-27,0.005039146093075682,0.0012068996632316259,0.01714542395945369,0.013730565677187773,0.0027557281223620856,0.018751486511067204,0.021468680019580876,0.0012068996631782979,0.018708418586700828,0.021401241328060414,0.0013122437837809395,0.01712350303127999,0.021451937532956,0.0027457447635025065,0.005149905119988974,0.0053633679955410385
2022-12-04,-0.033097067300987354,-0.005907900164113465,-0.01920227786766619,-0.014304904858964792,-0.007724490781203455,-0.023623502360896574,-0.03438101075792874,-0.00590790016405737,-0.02350512539413682,-0.034275700911071474,-0.00602181642202201,-0.01914183659280113,-0.03435794523128047,-0.0078494578339652,-0.0017337931866424345,-0.005398139463478439
2022-12-11,-0.01966298450576664,-0.009213315482492155,-0.006683314272978982,-0.004760302210063084,-0.00917119933768,-0.008303775343489415,-0.012174046204837327,-0.009213315482483143,-0.008260196798799628,-0.012144763435685536,-0.009206059384616895,-0.006661262639928147,-0.012163833603528549,-0.009213498351510412,-0.005568719976156983,-0.006424236979627913
2022-12-18,-0.0002971376519974832,-0.00444434229283183,-0.009195508641068089,-0.006874151791086648,-0.004730521310737364,-0.00991004044999238,-0.010501295717436809,-0.004444342292830427,-0.009890794219846814,-0.010470011489824863,-0.004462164036087995,-0.009185801194475854,-0.010495642826756987,-0.004784324428268965,-0.002157336546824401,0.0002571543171807451
2022-12-25,-0.00279105273203937,-0.008103445934541074,-0.007737301010754924,-0.007654076953630479,-0.0074188799760682884,-0.007825859928639984,-0.006861984290208409,-0.008103440644333094,-0.007722763393406136,-0.00695747515868263,-0.008047847077477672,-0.007735693677537209,-0.005848533384654694,-0.007421360767699527,0.0013942460681816413,0.0008408638803114102
2023-01-01,0.012911150019613505,0.004550459715742456,-0.020941247537840997,-0.019097039842463512,0.0016268693003786121,-0.021179005471234337,-0.02407598743564221,0.004550584905269925,-0.021975002895231757,-0.024116537572115113,0.004308225888400338,-0.020941247537841486,-0.027810862012466096,0.001628168228369334,0.03392775329626826,0.027100960619061483
2023-01-08,0.05838198317940156,0.022684464538199237,0.014606162890660447,0.0149594777871107,0.021053605621889387,0.014822648857206652,0.01987219390661746,0.02268448886218885,0.01554819526012702,0.019069353232080033,0.022555410769896447,0.014606162890660464,0.022630044156896487,0.02103177155832589,0.05262820981611267,0.04376632995709812
2023-01-15,-0.013720443209817974,-0.02732130562627491,-0.019248132616052183,-0.019170383151682534,-0.024280515379588315,-0.019239535637784667,-0.017180620373475064,-0.027321346125173576,-0.01921074984263566,-0.017258226538632668,-0.027106726448771098,-0.019248132616052068,-0.015187027161232798,-0.024299497257980692,-0.035478026963593444,-0.02761335608642593
2023-01-22,0.02252390085715411,0.0051003106953731135,0.014055817609458062,0.013864847490325932,0.00455551147856496,0.014180025590907905,0.015987201946058273,0.005100245846039113,0.014595903021517538,0.015851476328303624,0.005065332136389559,0.014055817609458131,0.017326613275401245,0.004543474999235615,0.03797159650560909,0.033297769710433064
2023-01-29,0.024776182243457623,0.026958920719796203,0.037838917139408255,0.03748686246169022,0.02797308780827664,0.037998791627376204,0.037839400529983205,0.026958861593888033,0.03853380393324264,0.0379691391360162,0.027038339423939933,0.03783891713940837,0.038415021458124574,0.027978639945951705,0.019808131150602173,0.015939246195323036
2023-02-05,-0.024855471200805997,-0.008569704791935816,0.008080967630051653,0.006303422290760933,-0.008355459552413598,0.008152696296099925,0.00837726110424787,-0.008569776518394169,0.008392572227342928,0.008623292213888412,-0.00851601832387053,0.008080967630051953,0.00969581191706053,-0.0083393734962672,-0.0008201819985901733,-1.386565588112345e-06
2023-02-12,-0.00031620444434529715,-0.0005378714353715137,-0.0017752041683994995,-0.0013322350129880561,-0.0011633221891060583,-0.0018449871799619982,-0.003458052577466902,-0.0005378727491394276,-0.0020782843146417906,-0.003297920289729652,-0.0005886007588163113,-0.0017752041683996313,-0.004841232207385755,-0.0011620165903823555,0.011864707407752516,0.010146025581015369
2023-02-19,-0.02191535981284356,-0.012564567789505675,-0.00890430732909803,-0.008974916521246577,-0.013345136624037615,-0.009010726366717754,-0.011353154953216397,-0.012564591561585094,-0.009366612366987452,-0.011014689224758418,-0.012614684921849233,-0.008904307329098101,-0.012965608757388678,-0.0133378416531978,0.00035756678597300903,0.0006859257354863654
2023-02-26,0.021859982915273503,0.0055423642006042495,0.0031075273298644414,0.003372817484797985,0.006845884308972903,0.0032037907457437686,0.005243782241567981,0.005542386837157643,0.0035258646019290683,0.004959086921041849,0.0056325443147388285,0.0031075273298644592,0.0068087614381954625,0.006841789828715786,0.015535874039303005,0.01188439035244534
2023-03-05,-0.012542512162110919,-0.01375721008534725,-0.0036639232724008574,-0.0035393496901279056,-0.0134432769004507,-0.0037872116659823348,-0.006230837358171732,-0.013757270382347692,-0.0041995325359752075,-0.005784326544730006,-0.013726584918594536,-0.003663923272400952,-0.007628537417208163,-0.013440407887631544,0.023284998432794288,0.022871443433666882
2023-03-12,0.04926857630893336,0.02477211447871418,0.03976503878891123,0.03854930160677311,0.02821569040319016,0.040166266306670244,0.04775945259084128,0.024772040487806225,0.0415088376250286,0.04705127229718135,0.02503386406845448,0.03976503878891173,0.0542343221817603,0.028192548481558485,0.005956734209486177,0.007715759228391684
2023-03-19,0.007965426328583908,0.0036815833141488168,0.009680956731466992,0.009921053836992905,0.004837659591791738,0.00968153983306291,0.008930510461159299,0.0036815472701496607,0.009683487717264991,0.00909454457213591,0.003763984897732357,0.009680956731466963,0.008701941666017184,0.004836509133798226,0.012361609608279686,0.011549875540854727
2023-03-26,0.02439073080704771,0.016748064977717494,0.018080264855208444,0.03015583736749344,0.01604902443804301,0.0171606637482517,0.013705291938274843,0.016748173592051323,0.019421838389872333,0.029635212731208112,0.016723321003056825,0.01776972992754869,0.018332562872229844,0.01604895261348989,0.022506106466425917,0.02246147113495488
2023-04-02,0.001540750628469144,0.005269524608792184,0.009348149525554884,0.008991673754891245,0.005539689668500885,0.010312357719527623,0.009611524059540025,0.005269173389821472,0.009350911072136002,0.009261724564548648,0.005258195804744319,0.009449819365573793,0.006059943844256656,0.005539523577927162,-0.004732459215668258,-0.002615517383220743
2023-04-09,0.004819034839424788,-0.0026335054275321503,-0.007252191278629136,-0.0093943513162481,-0.0022670979933935853,-0.007105099574003882,-0.004259634483260204,-0.002633021117431066,-0.007383538884408334,-0.008930157370779377,-0.0026077892923437674,-0.007211353642360097,-0.004321535966175497,-0.0022658963414980133,0.0028292442948706477,-0.0003620610393701481
2023-04-16,0.00840736724684944,0.008068520162466264,0.011101117642618535,0.015289380496247298,0.006619190369901056,0.010137892052447861,0.00991987263664607,0.008068425945582321,0.011551373807428824,0.01478143345203731,0.007964832601375434,0.010929201222880904,0.013749473968277625,0.0066185220718458036,0.01745569966014202,0.013838349973620141
2023-04-23,0.019650857942148856,0.024669532876315434,0.03153059347264303,0.04682367715213799,0.025134105656644954,0.031258113121755325,0.022367766059716555,0.02466903057171436,0.03314573750045077,0.04601015096982461,0.02474090268435853,0.031237306528828137,0.02475093264958403,0.025132244915803494,0.015278003350530388,0.02368755705754907
2023-04-30,-0.0010131830258414644,0.0019526758322265987,0.006626008697519729,0.010118607976244472,0.0012990384907684894,0.006100005126814088,0.004050892931812184,0.001952329784840117,0.006996966928235961,0.009788766271056851,0.0019096071087822712,0.006509943278968033,0.0066749022195290875,0.0012979144841196387,0.00800195549545957,0.008213200125403138
2023-05-07,0.014396819743903467,-0.0022358172982530873,-0.002162723739553773,-0.005208382570725331,-0.0016453343315795438,0.00023548724644328672,0.004119756603301025,-0.0022359565950806114,-0.002341622412340663,-0.003787206513442226,-0.0022750195089675626,-0.0018728686992884637,-0.0035345089110362495,-0.0016435207112307677,-0.00653472903393213,-0.0062105930404419305
2023-05-14,0.020282128516853546,-0.009153692823097727,-0.0030674528875811943,0.01051233184170238,-0.009441721246039831,-0.0027124186303340006,-0.005297117013612681,-0.009154198511592946,-0.0013673389743433188,0.011378851215914424,-0.009196164322300984,-0.0032947501909423435,-0.0003776322112197972,-0.009442181109696706,0.026473760475702195,0.027715064006165677
2023-05-21,0.007160428631461659,-0.008220674653317024,-0.005618819444674714,0.00675548398841477,-0.007978476934230021,-0.005615308441326351,-0.011742854312848014,-0.00822123108903619,-0.004357249702711055,0.006589824306600548,-0.008181304932021988,-0.005825230834957645,-0.009014218310219535,-0.007979564312411563,0.0019345574938158406,0.010280451869964673
2023-05-28,0.019865718282373615,0.012656593129066206,0.00933467274281404,0.013932247393394985,0.012563165918919608,0.009048707224392718,0.009167972169552405,0.012657008498916947,0.009887886604336016,0.013821662225358971,0.012664433849007721,0.009217983590475915,0.010612228705753637,0.012563864198612211,0.014129809324124292,0.01272647668145694
2023-06-04,-0.013020955813659443,-0.01137243165291256,-0.011622550168124482,-0.01731784936572924,-0.011823533025495152,-0.011843043273421155,-0.009125101698069434,-0.011372430589273529,-0.012259858264534643,-0.017152692777379304,-0.011416306334904525,-0.01154209226253547,-0.00864572407258134,-0.01182348169165791,-0.0039031989788475096,-0.00724135724915338
2023-06-11,0.019835186982933038,0.015420683144119826,0.015789884194945134,0.027282507917363467,0.015904008177548667,0.015539564903011314,0.009893818901906134,0.0154206265602593,0.017017021801256693,0.026754930261552352,0.015493762918493987,0.015562269968036304,0.011828397673713392,0.015903415042931107,0.010576659719040564,0.016473494083047453
2023-06-18,-0.008894720544683026,-0.006733822180412277,-0.00910808580437699,-0.015301237176047047,-0.007457629764907259,-0.008930152242920323,-0.006041997038885051,-0.006733845967081745,-0.009960516865570028,-0.015432263857493958,-0.006808840419675514,-0.008953324212408959,-0.00915775790758094,-0.007457156730583336,-0.014864947809904553,-0.015826947829511957
2023-06-25,0.0023661797308607794,-0.01198838455782024,-0.004994171875867205,-0.0035236991081439954,-0.012204544361566462,-0.005362115242529273,-0.005905204444870075,-0.011987604186933464,-0.003936356266658741,0.01205873089898969,-0.012010041121701037,-0.00518741504679267,-0.00363210725622502,-0.012068062367795384,0.01871304978222448,0.0166972003628726
2023-07-02,-0.012626484007959599,-0.015173325757910444,-0.014839259609523175,-0.015384059668863394,-0.015199899711925736,-0.014791776654803714,-0.014575397357577685,-0.01517330914180166,-0.015076074720653128,-0.01732522902585339,-0.015175360326963656,-0.0147988351672132,-0.015490556914168403,-0.015151724080393747,-0.00924844712478912,-0.008845438075841875
2023-07-09,0.02464123317410017,0.005985082228666547,0.0013956943899165282,0.001955128902049425,0.006683639339974332,0.0017691345841555554,0.0012252590679781776,0.005984475877758783,0.0018488830549762587,0.00781958870086005,0.006047703417152014,0.0013591242400735983,0.003996583831583429,0.006683615237264867,0.02801285131528635,0.030707751818652387
2023-07-16,-0.004742953356504833,0.011184002434141424,0.011638818221655951,0.011914861301795624,0.011180087122862664,0.011189896958629817,0.01122360766758259,0.011184337863405815,0.011539278523227094,0.010052925211445832,0.011183224443604187,0.011614260973337426,0.010315292124206853,0.011066762785023302,-0.017136517286240993,-0.01888853265473106
2023-07-23,0.024738913307850736,-0.0052223223313163526,-0.011339064272216474,-0.008621955287560079,-0.003948516653970807,-0.010349600244927721,-0.009197479093003046,-0.005224207344578589,-0.01080878491480573,-0.0054103407881072275,-0.005103267119749674,-0.011329015395024523,-0.00834952442204958,-0.003967885189881903,0.02827294618067979,0.03538872452743092
2023-07-30,-0.016059828356307218,-0.01755450926732916,-0.016411617942547335,-0.015873698553988787,-0.018976453104213836,-0.016694164769325805,-0.013942031322493264,-0.017554126479895592,-0.017017853448979676,-0.023251739007428746,-0.017689339014659154,-0.016342415880846877,-0.01887717917693676,-0.018765090128040965,0.009855022330657917,0.008701605450467182
2023-08-06,-0.004015586293195948,-0.007667416104195861,-0.005845358096612697,-0.004811549944774084,-0.007724135293781099,-0.0057259390695306245,-0.004564477148729268,-0.007667704486715979,-0.005904316245277378,-0.006641603729384248,-0.007670780758431285,-0.005823527118332752,-0.00664790029141773,-0.0076776573308107365,0.0005474662870884142,0.001601357629348538
2023-08-13,-0.022687824029277347,-0.01519205474463424,-0.013150183085020181,-0.014617124234917829,-0.015149338829731705,-0.013244973539141341,-0.013171281884869584,-0.015191828683422002,-0.013764356553996474,-0.020543006440649363,-0.015185744548020736,-0.013064851340018892,-0.015443366717974041,-0.015141337481122426,-0.027655584863154694,-0.02792400869808278
2023-08-20,0.006540149215532331,0.0008091734860812667,0.0011956284851980647,0.0005394186904391842,0.0011775895777150574,0.0013714313453080246,-0.0001467299988606833,0.0008092081017210474,0.0015651443097443405,0.006239692911108251,0.0008440246235670053,0.0011533785809422544,0.0029027995216327806,0.0011689526811737893,0.004244497222184901,0.004327943178770646
2023-08-27,0.02745530067787501,0.007592116337412569,-5.8550107310941044e-05,0.0013996927132002178,0.008552217701723118,0.0003616707684790388,0.00011798209057359678,0.007591167409846045,0.0005468119363979383,0.007937994216098792,0.0076774600965846,-0.00011375124843580561,0.003267285247447318,0.008495169014545674,0.02749460193902474,0.030772610089868455
2023-09-03,-0.003498275849360902,-0.007611964847456526,-0.010103431680232701,-0.011794705140258759,-0.0071538204057929764,-0.01001658148716856,-0.011142865084001509,-0.007611915621297444,-0.010278209499468838,-0.011323821713972091,-0.007570418323913575,-0.010071103474117386,-0.009679757046853615,-0.007159162308753393,-0.006833677731869941,-0.006361771185628902
2023-09-10,0.001382268682404682,0.001118017106194631,0.010811140574382668,0.012261103844079437,-0.000106291195071803,0.010829916976286684,0.011708422539375523,0.001118428943888316,0.011215028698572159,0.015121259077913932,0.0010085742765282481,0.010753508666963155,0.010558725619591827,6.0255007105115485e-05,0.01902974973610868,0.017087981258216575
2023-09-17,-0.03963611926385731,-0.018621236603848873,-0.017498256586583924,-0.018897464308038073,-0.018430972676609952,-0.017941661344406036,-0.016792195406473042,-0.018620989396858263,-0.01870396587629536,-0.032385717356443425,-0.018601183481269313,-0.017352306745226184,-0.02254857094243578,-0.01851501707184123,-0.055126025434644114,-0.05543070003979632
2023-09-24,-0.013383264198476276,-0.01825887163118261,-0.01810444005532742,-0.014589924087299038,-0.01800250771619754,-0.01810692448178157,-0.014043615130916036,-0.01825853885293493,-0.018083197832792938,-0.015084015956228854,-0.018233886404246506,-0.018107625520537504,-0.01470704401666563,-0.018001306321159642,-0.005284843156504073,-0.00821048131503838
2023-10-01,0.0033865010391276296,-0.012693224617761824,0.00015177113787647432,-0.005728256370138921,-0.012287612768285897,0.0010339633252899605,0.012334339143707507,-0.012692295283665255,0.0009054854942486231,-0.005629630715074013,-0.012649485067457349,0.00012180138049902502,-0.0055238208510485646,-0.012288060004680197,0.0234064097572565,0.021283631760024558
2023-10-08,-0.0025941950612097704,-0.006322037523260256,-0.015645459331933745,-0.011811860021279888,-0.006144168806927433,-0.015713920201303133,-0.013487391901013633,-0.006322188071510672,-0.015704486642280992,-0.011650734415449516,-0.006311982884884085,-0.015643129361672826,-0.01168887063089594,-0.006144112599022698,0.0023708594436618467,0.002611873847111386
2023-10-15,-0.015011491184188123,-0.005093170502082774,-0.01347453630797207,-0.010032764250398446,-0.004782237817180685,-0.013639243050831102,-0.01445496671060572,-0.0050929422259479926,-0.013617636583738714,-0.010036876849174151,-0.005065881876707486,-0.013468926814437066,-0.010030525851844392,-0.004782352545739999,-0.01920905678145314,-0.02006187039181191
2023-10-22,-0.0134926280208432,-0.012940359908325922,-0.021128488563081298,-0.009889988293686949,-0.012391127679919315,-0.02219250149498501,-0.04562990049462953,-0.012940053963180237,-0.02206975759646755,-0.00965354451017834,-0.012894082594881163,-0.021092190298127894,-0.009715137226153844,-0.012391238420924117,-0.02442896884570376,-0.0350115887677301
2023-10-29,0.04741028767666805,0.021774829417275713,0.027114250668036938,0.015347999974990603,0.02234336313655911,0.02831651451807102,0.03429764786936584,0.02177462985828668,0.028128813695016013,0.016013254002657375,0.02181315132059445,0.027073476061641795,0.015829175138167582,0.02234342996092783,0.056126612412592605,0.06149286857657681
2023-11-05,0.025836981671315082,0.01148812647177264,0.03627577327205984,0.025712183551671194,0.011583491391405538,0.03698191401300856,0.035058321027330475,0.011488996419697523,0.03686773119333827,0.02573806335996776,0.011508082650470874,0.03625181169872398,0.025829070025267607,0.011583102330565505,0.032659380169660315,0.029155092758730655
2023-11-12,0.017626180806103866,0.015395511333745551,0.02761440036409525,0.022587637442334038,0.01500098068619923,0.02773408938693675,0.02830743763582375,0.015395298816961915,0.02772393015846486,0.022418138780725603,0.01536390182942403,0.02761029958253019,0.022428140320133853,0.015001097681904229,0.01517126763632182,0.016579082444381704
2023-11-19,0.0076536235402763445,-0.002396188665288396,-0.003460331768686483,-0.004753193940211316,-0.0017393788172634936,-0.0031420728415672856,-0.0012788670788573598,-0.0023961660612631793,-0.003195274414736807,-0.004411968184775412,-0.002345030397916967,-0.0034711331649311832,-0.004521435406701253,-0.001739394035063234,0.009479656292661946,0.009400521734745032
2023-11-26,0.0027670382214755136,0.004426474436655563,0.004299158670298472,0.007819393605128103,0.004488835080931373,0.0037606760052880054,-0.005792734272766406,0.004426123712632486,0.0038333827715500224,0.007826507161445596,0.00442847498516054,0.004317508995471871,0.007743384651476532,0.004489027338176869,-0.007963905471478145,-0.010440022362341463
2023-12-03,0.002905380026539669,-0.00577285943304814,-0.01464854278113046,-0.013587046245774559,-0.005284550747584428,-0.0144113341826104,-0.006063719391752062,-0.005773437695539351,-0.01444010463607835,-0.013262199528945211,-0.005743030885371557,-0.014656634860188693,-0.0134231612862892,-0.005284296374020652,0.005996151872072836,0.009704513578774415
2023-12-10,0.004734992347629878,-0.0015453819315485486,-0.00028726235867301136,0.002345126683942167,-0.001579484288752174,-0.0006171539161669523,-0.004670798886332245,-0.0015458263629663646,-0.0005696577095840659,0.002396258617416022,-0.0015529918854457602,-0.00027603549418080435,0.0023212424075166878,-0.0015792562032574961,0.0022925649514484625,0.0010632345469655702
2023-12-17,0.01894044452201926,0.0077599287721469715,0.020655815667266497,0.0137296811591567,0.0073808614579573386,0.021318735719199074,0.03427462059013793,0.007760004929463464,0.02123754752501934,0.013606377939136341,0.007731561851376407,0.020633206128595167,0.013690959413255988,0.007380818073566674,0.032945859623399194,0.03605575969095594
2023-12-24,0.005592329597700008,0.010578968095980166,0.01028013726017319,0.010176999448326791,0.010769098271213962,0.009636305529261204,0.009762838424972114,0.010579124646433093,0.010150400522817635,0.010057320548439948,0.010593685041319524,0.010283627920986887,0.010168287335785548,0.010723285379196878,0.0009772213031561134,0.00015086487414042932
